suite,cond,axis,level,value,planner,pose,n,success,rate,ci_lo,ci_hi,loc_induced,collision_static,collision_dynamic,timeout,stuck,ttg_mean_s,loc_rmse_mean_m,loc_last10_median_m,plan_ms_mean
mclbreak,hall/clean,mclbreak,0,0.0,dwa,gt,60,60,1.0,0.9398,1.0,0,0,0,0,0,14.65,0.0,0.0,14.76
mclbreak,hall/clean,mclbreak,0,0.0,dwa,mcl,60,60,1.0,0.9398,1.0,0,0,0,0,0,14.67,0.043,0.087,14.9
mclbreak,hall/clean,mclbreak,0,0.0,mppi,gt,60,60,1.0,0.9398,1.0,0,0,0,0,0,16.24,0.0,0.0,23.19
mclbreak,hall/clean,mclbreak,0,0.0,mppi,mcl,60,60,1.0,0.9398,1.0,0,0,0,0,0,16.43,0.036,0.074,23.01
mclbreak,hall/clean,mclbreak,0,0.0,pp,gt,60,60,1.0,0.9398,1.0,0,0,0,0,0,13.55,0.0,0.0,0.31
mclbreak,hall/clean,mclbreak,0,0.0,pp,mcl,60,60,1.0,0.9398,1.0,0,0,0,0,0,13.59,0.044,0.091,0.3
mclbreak,hall/clean,mclbreak,0,0.0,pp_stop,gt,60,60,1.0,0.9398,1.0,0,0,0,0,0,13.63,0.0,0.0,0.45
mclbreak,hall/clean,mclbreak,0,0.0,pp_stop,mcl,60,60,1.0,0.9398,1.0,0,0,0,0,0,13.69,0.044,0.086,0.5
mclbreak,hall/clean,mclbreak,0,0.0,ppo,gt,60,60,1.0,0.9398,1.0,0,0,0,0,0,11.06,0.0,0.0,0.21
mclbreak,hall/clean,mclbreak,0,0.0,ppo,mcl,60,60,1.0,0.9398,1.0,0,0,0,0,0,11.06,0.049,0.098,0.22
mclbreak,hall/clean,mclbreak,0,0.0,ppo2,gt,60,60,1.0,0.9398,1.0,0,0,0,0,0,14.9,0.0,0.0,0.31
mclbreak,hall/clean,mclbreak,0,0.0,ppo2,mcl,60,60,1.0,0.9398,1.0,0,0,0,0,0,14.98,0.041,0.084,0.32
mclbreak,hall/clean,mclbreak,0,0.0,ppo2_s0,gt,60,60,1.0,0.9398,1.0,0,0,0,0,0,15.01,0.0,0.0,0.32
mclbreak,hall/clean,mclbreak,0,0.0,ppo2_s0,mcl,60,60,1.0,0.9398,1.0,0,0,0,0,0,15.23,0.041,0.084,0.32
mclbreak,hall/clean,mclbreak,0,0.0,ppo2_s1,gt,60,60,1.0,0.9398,1.0,0,0,0,0,0,14.9,0.0,0.0,0.31
mclbreak,hall/clean,mclbreak,0,0.0,ppo2_s1,mcl,60,60,1.0,0.9398,1.0,0,0,0,0,0,14.98,0.041,0.084,0.32
mclbreak,hall/clean,mclbreak,0,0.0,ppo2_s2,gt,60,60,1.0,0.9398,1.0,0,0,0,0,0,16.2,0.0,0.0,0.32
mclbreak,hall/clean,mclbreak,0,0.0,ppo2_s2,mcl,60,60,1.0,0.9398,1.0,0,0,0,0,0,16.11,0.04,0.08,0.32
mclbreak,hall/clean,mclbreak,0,0.0,ppo2nv,gt,60,60,1.0,0.9398,1.0,0,0,0,0,0,15.85,0.0,0.0,0.22
mclbreak,hall/clean,mclbreak,0,0.0,ppo2nv,mcl,60,60,1.0,0.9398,1.0,0,0,0,0,0,15.9,0.039,0.076,0.23
mclbreak,hall/clean,mclbreak,0,0.0,ppo2nv_s0,gt,60,60,1.0,0.9398,1.0,0,0,0,0,0,12.49,0.0,0.0,0.22
mclbreak,hall/clean,mclbreak,0,0.0,ppo2nv_s0,mcl,60,60,1.0,0.9398,1.0,0,0,0,0,0,12.45,0.047,0.096,0.22
mclbreak,hall/clean,mclbreak,0,0.0,ppo2nv_s1,gt,60,0,0.0,0.0,0.0602,0,0,0,0,60,,0.0,0.0,0.22
mclbreak,hall/clean,mclbreak,0,0.0,ppo2nv_s1,mcl,60,0,0.0,0.0,0.0602,0,0,0,0,60,,0.018,0.026,0.22
mclbreak,hall/clean,mclbreak,0,0.0,ppo2nv_s2,gt,60,60,1.0,0.9398,1.0,0,0,0,0,0,15.85,0.0,0.0,0.22
mclbreak,hall/clean,mclbreak,0,0.0,ppo2nv_s2,mcl,60,60,1.0,0.9398,1.0,0,0,0,0,0,15.9,0.039,0.076,0.23
mclbreak,hall/clean,mclbreak,0,0.0,ppo_s0,gt,60,60,1.0,0.9398,1.0,0,0,0,0,0,9.72,0.0,0.0,0.22
mclbreak,hall/clean,mclbreak,0,0.0,ppo_s0,mcl,60,60,1.0,0.9398,1.0,0,0,0,0,0,9.77,0.057,0.114,0.21
mclbreak,hall/clean,mclbreak,0,0.0,ppo_s1,gt,60,60,1.0,0.9398,1.0,0,0,0,0,0,11.06,0.0,0.0,0.21
mclbreak,hall/clean,mclbreak,0,0.0,ppo_s1,mcl,60,60,1.0,0.9398,1.0,0,0,0,0,0,11.06,0.049,0.098,0.22
mclbreak,hall/clean,mclbreak,0,0.0,ppo_s2,gt,60,59,0.9833,0.9114,0.9971,0,1,0,0,0,10.15,0.0,0.0,0.21
mclbreak,hall/clean,mclbreak,0,0.0,ppo_s2,mcl,60,60,1.0,0.9398,1.0,0,0,0,0,0,10.42,0.054,0.097,0.22
mclbreak,hall/odom_bias,mclbreak,1,1.0,dwa,gt,60,60,1.0,0.9398,1.0,0,0,0,0,0,14.65,0.0,0.0,13.52
mclbreak,hall/odom_bias,mclbreak,1,1.0,dwa,mcl,60,46,0.7667,0.6456,0.8556,14,0,0,0,0,41.71,4.364,3.993,13.43
mclbreak,hall/odom_bias,mclbreak,1,1.0,dwa,mcl_aug,60,60,1.0,0.9398,1.0,0,0,0,0,0,18.02,14.945,42.186,11.37
mclbreak,hall/odom_bias,mclbreak,1,1.0,mppi,gt,60,60,1.0,0.9398,1.0,0,0,0,0,0,16.24,0.0,0.0,22.14
mclbreak,hall/odom_bias,mclbreak,1,1.0,mppi,mcl,60,24,0.4,0.2857,0.5263,36,0,0,0,0,44.02,4.148,3.704,22.18
mclbreak,hall/odom_bias,mclbreak,1,1.0,mppi,mcl_aug,60,58,0.9667,0.8864,0.9908,2,0,0,0,0,21.54,14.621,42.18,17.7
mclbreak,hall/odom_bias,mclbreak,1,1.0,pp,gt,60,60,1.0,0.9398,1.0,0,0,0,0,0,13.55,0.0,0.0,0.23
mclbreak,hall/odom_bias,mclbreak,1,1.0,pp,mcl,60,37,0.6167,0.4902,0.7291,23,0,0,0,0,41.4,4.394,3.791,0.24
mclbreak,hall/odom_bias,mclbreak,1,1.0,pp,mcl_aug,60,19,0.3167,0.2131,0.4423,41,0,0,0,0,15.77,7.947,25.014,0.3
mclbreak,hall/odom_bias,mclbreak,1,1.0,pp_stop,gt,60,60,1.0,0.9398,1.0,0,0,0,0,0,13.63,0.0,0.0,0.31
mclbreak,hall/odom_bias,mclbreak,1,1.0,pp_stop,mcl,60,38,0.6333,0.5068,0.7438,22,0,0,0,0,41.09,4.368,3.757,0.34
mclbreak,hall/odom_bias,mclbreak,1,1.0,pp_stop,mcl_aug,60,33,0.55,0.4249,0.6691,27,0,0,0,0,17.45,16.373,28.834,0.37
mclbreak,hall/odom_bias,mclbreak,1,1.0,ppo,gt,60,60,1.0,0.9398,1.0,0,0,0,0,0,11.06,0.0,0.0,0.21
mclbreak,hall/odom_bias,mclbreak,1,1.0,ppo,mcl,60,2,0.0333,0.0092,0.1136,56,0,0,2,0,45.83,4.664,4.153,0.21
mclbreak,hall/odom_bias,mclbreak,1,1.0,ppo2,gt,60,60,1.0,0.9398,1.0,0,0,0,0,0,14.9,0.0,0.0,0.32
mclbreak,hall/odom_bias,mclbreak,1,1.0,ppo2,mcl,60,32,0.5333,0.4089,0.6537,28,0,0,0,0,43.21,4.262,3.484,0.32
mclbreak,hall/odom_bias,mclbreak,1,1.0,ppo2_s0,gt,60,60,1.0,0.9398,1.0,0,0,0,0,0,15.01,0.0,0.0,0.32
mclbreak,hall/odom_bias,mclbreak,1,1.0,ppo2_s0,mcl,60,41,0.6833,0.5577,0.7869,19,0,0,0,0,42.1,4.346,3.938,0.33
mclbreak,hall/odom_bias,mclbreak,1,1.0,ppo2_s1,gt,60,60,1.0,0.9398,1.0,0,0,0,0,0,14.9,0.0,0.0,0.32
mclbreak,hall/odom_bias,mclbreak,1,1.0,ppo2_s1,mcl,60,32,0.5333,0.4089,0.6537,28,0,0,0,0,43.21,4.262,3.484,0.32
mclbreak,hall/odom_bias,mclbreak,1,1.0,ppo2_s2,gt,60,60,1.0,0.9398,1.0,0,0,0,0,0,16.2,0.0,0.0,0.32
mclbreak,hall/odom_bias,mclbreak,1,1.0,ppo2_s2,mcl,60,21,0.35,0.2417,0.4764,39,0,0,0,0,44.1,4.241,3.808,0.33
mclbreak,hall/odom_bias,mclbreak,1,1.0,ppo2nv,gt,60,60,1.0,0.9398,1.0,0,0,0,0,0,15.85,0.0,0.0,0.22
mclbreak,hall/odom_bias,mclbreak,1,1.0,ppo2nv,mcl,60,32,0.5333,0.4089,0.6537,28,0,0,0,0,42.66,4.217,3.707,0.22
mclbreak,hall/odom_bias,mclbreak,1,1.0,ppo2nv_s0,gt,60,60,1.0,0.9398,1.0,0,0,0,0,0,12.49,0.0,0.0,0.22
mclbreak,hall/odom_bias,mclbreak,1,1.0,ppo2nv_s0,mcl,60,36,0.6,0.4737,0.7143,24,0,0,0,0,40.71,4.475,3.728,0.22
mclbreak,hall/odom_bias,mclbreak,1,1.0,ppo2nv_s1,gt,60,0,0.0,0.0,0.0602,0,0,0,0,60,,0.0,0.0,0.22
mclbreak,hall/odom_bias,mclbreak,1,1.0,ppo2nv_s1,mcl,60,0,0.0,0.0,0.0602,0,0,0,0,60,,0.098,0.091,0.22
mclbreak,hall/odom_bias,mclbreak,1,1.0,ppo2nv_s2,gt,60,60,1.0,0.9398,1.0,0,0,0,0,0,15.85,0.0,0.0,0.22
mclbreak,hall/odom_bias,mclbreak,1,1.0,ppo2nv_s2,mcl,60,32,0.5333,0.4089,0.6537,28,0,0,0,0,42.66,4.217,3.707,0.22
mclbreak,hall/odom_bias,mclbreak,1,1.0,ppo_s0,gt,60,60,1.0,0.9398,1.0,0,0,0,0,0,9.72,0.0,0.0,0.22
mclbreak,hall/odom_bias,mclbreak,1,1.0,ppo_s0,mcl,60,34,0.5667,0.441,0.6843,26,0,0,0,0,41.23,4.508,3.325,0.21
mclbreak,hall/odom_bias,mclbreak,1,1.0,ppo_s1,gt,60,60,1.0,0.9398,1.0,0,0,0,0,0,11.06,0.0,0.0,0.21
mclbreak,hall/odom_bias,mclbreak,1,1.0,ppo_s1,mcl,60,2,0.0333,0.0092,0.1136,56,0,0,2,0,45.83,4.664,4.153,0.21
mclbreak,hall/odom_bias,mclbreak,1,1.0,ppo_s2,gt,60,59,0.9833,0.9114,0.9971,0,1,0,0,0,10.15,0.0,0.0,0.22
mclbreak,hall/odom_bias,mclbreak,1,1.0,ppo_s2,mcl,60,41,0.6833,0.5577,0.7869,19,0,0,0,0,41.84,4.537,3.696,0.21
mclbreak,hall/odom_bias+hidden,mclbreak,2,2.0,dwa,gt,60,59,0.9833,0.9114,0.9971,0,0,0,0,1,14.92,0.0,0.0,11.27
mclbreak,hall/odom_bias+hidden,mclbreak,2,2.0,dwa,mcl,60,46,0.7667,0.6456,0.8556,13,0,0,0,1,41.74,4.301,4.011,11.2
mclbreak,hall/odom_bias+hidden,mclbreak,2,2.0,mppi,gt,60,60,1.0,0.9398,1.0,0,0,0,0,0,16.66,0.0,0.0,17.05
mclbreak,hall/odom_bias+hidden,mclbreak,2,2.0,mppi,mcl,60,19,0.3167,0.2131,0.4423,41,0,0,0,0,43.79,4.164,3.747,17.9
mclbreak,hall/odom_bias+hidden,mclbreak,2,2.0,pp,gt,60,45,0.75,0.6277,0.8422,0,15,0,0,0,13.56,0.0,0.0,0.23
mclbreak,hall/odom_bias+hidden,mclbreak,2,2.0,pp,mcl,60,27,0.45,0.3309,0.5751,26,7,0,0,0,41.33,3.752,3.796,0.24
mclbreak,hall/odom_bias+hidden,mclbreak,2,2.0,pp_stop,gt,60,57,0.95,0.863,0.9829,0,0,0,0,3,14.44,0.0,0.0,0.33
mclbreak,hall/odom_bias+hidden,mclbreak,2,2.0,pp_stop,mcl,60,31,0.5167,0.3931,0.6382,29,0,0,0,0,40.59,4.506,3.871,0.34
mclbreak,hall/odom_bias+hidden,mclbreak,2,2.0,ppo,gt,60,55,0.9167,0.8193,0.9639,0,5,0,0,0,11.14,0.0,0.0,0.21
mclbreak,hall/odom_bias+hidden,mclbreak,2,2.0,ppo,mcl,60,1,0.0167,0.0029,0.0886,57,0,0,2,0,45.75,4.62,3.993,0.21
mclbreak,hall/odom_bias+hidden,mclbreak,2,2.0,ppo2,gt,60,59,0.9833,0.9114,0.9971,0,1,0,0,0,14.77,0.0,0.0,0.34
mclbreak,hall/odom_bias+hidden,mclbreak,2,2.0,ppo2,mcl,60,30,0.5,0.3774,0.6226,30,0,0,0,0,42.38,4.273,3.501,0.35
mclbreak,hall/odom_bias+hidden,mclbreak,2,2.0,ppo2_s0,gt,60,54,0.9,0.7985,0.9534,0,6,0,0,0,15.37,0.0,0.0,0.35
mclbreak,hall/odom_bias+hidden,mclbreak,2,2.0,ppo2_s0,mcl,60,33,0.55,0.4249,0.6691,26,1,0,0,0,43.22,4.293,3.938,0.35
mclbreak,hall/odom_bias+hidden,mclbreak,2,2.0,ppo2_s1,gt,60,59,0.9833,0.9114,0.9971,0,1,0,0,0,14.77,0.0,0.0,0.34
mclbreak,hall/odom_bias+hidden,mclbreak,2,2.0,ppo2_s1,mcl,60,30,0.5,0.3774,0.6226,30,0,0,0,0,42.38,4.273,3.501,0.35
mclbreak,hall/odom_bias+hidden,mclbreak,2,2.0,ppo2_s2,gt,60,59,0.9833,0.9114,0.9971,0,1,0,0,0,16.5,0.0,0.0,0.35
mclbreak,hall/odom_bias+hidden,mclbreak,2,2.0,ppo2_s2,mcl,60,19,0.3167,0.2131,0.4423,41,0,0,0,0,43.85,4.33,3.899,0.35
mclbreak,hall/odom_bias+hidden,mclbreak,2,2.0,ppo2nv,gt,60,59,0.9833,0.9114,0.9971,0,1,0,0,0,16.11,0.0,0.0,0.22
mclbreak,hall/odom_bias+hidden,mclbreak,2,2.0,ppo2nv,mcl,60,25,0.4167,0.3006,0.5427,35,0,0,0,0,42.4,4.281,3.728,0.22
mclbreak,hall/odom_bias+hidden,mclbreak,2,2.0,ppo2nv_s0,gt,60,54,0.9,0.7985,0.9534,0,6,0,0,0,12.69,0.0,0.0,0.22
mclbreak,hall/odom_bias+hidden,mclbreak,2,2.0,ppo2nv_s0,mcl,60,30,0.5,0.3774,0.6226,29,1,0,0,0,41.62,4.408,3.647,0.22
mclbreak,hall/odom_bias+hidden,mclbreak,2,2.0,ppo2nv_s1,gt,60,0,0.0,0.0,0.0602,0,0,0,0,60,,0.0,0.0,0.22
mclbreak,hall/odom_bias+hidden,mclbreak,2,2.0,ppo2nv_s1,mcl,60,0,0.0,0.0,0.0602,0,0,0,0,60,,0.103,0.108,0.22
mclbreak,hall/odom_bias+hidden,mclbreak,2,2.0,ppo2nv_s2,gt,60,59,0.9833,0.9114,0.9971,0,1,0,0,0,16.11,0.0,0.0,0.22
mclbreak,hall/odom_bias+hidden,mclbreak,2,2.0,ppo2nv_s2,mcl,60,25,0.4167,0.3006,0.5427,35,0,0,0,0,42.4,4.281,3.728,0.22
mclbreak,hall/odom_bias+hidden,mclbreak,2,2.0,ppo_s0,gt,60,58,0.9667,0.8864,0.9908,0,2,0,0,0,9.8,0.0,0.0,0.22
mclbreak,hall/odom_bias+hidden,mclbreak,2,2.0,ppo_s0,mcl,60,28,0.4667,0.3463,0.5911,31,1,0,0,0,41.82,4.473,3.286,0.21
mclbreak,hall/odom_bias+hidden,mclbreak,2,2.0,ppo_s1,gt,60,55,0.9167,0.8193,0.9639,0,5,0,0,0,11.14,0.0,0.0,0.21
mclbreak,hall/odom_bias+hidden,mclbreak,2,2.0,ppo_s1,mcl,60,1,0.0167,0.0029,0.0886,57,0,0,2,0,45.75,4.62,3.993,0.21
mclbreak,hall/odom_bias+hidden,mclbreak,2,2.0,ppo_s2,gt,60,58,0.9667,0.8864,0.9908,0,2,0,0,0,10.19,0.0,0.0,0.21
mclbreak,hall/odom_bias+hidden,mclbreak,2,2.0,ppo_s2,mcl,60,33,0.55,0.4249,0.6691,27,0,0,0,0,41.51,4.598,3.688,0.21
mclbreak,rooms/crowd+outliers,mclbreak,3,3.0,dwa,gt,60,2,0.0333,0.0092,0.1136,0,11,47,0,0,11.38,0.0,0.0,11.89
mclbreak,rooms/crowd+outliers,mclbreak,3,3.0,dwa,mcl,60,1,0.0167,0.0029,0.0886,19,5,35,0,0,10.05,0.488,0.657,11.98
mclbreak,rooms/crowd+outliers,mclbreak,3,3.0,mppi,gt,60,0,0.0,0.0,0.0602,0,2,37,21,0,,0.0,0.0,19.22
mclbreak,rooms/crowd+outliers,mclbreak,3,3.0,mppi,mcl,60,0,0.0,0.0,0.0602,23,1,27,9,0,,0.878,0.555,19.4
mclbreak,rooms/crowd+outliers,mclbreak,3,3.0,pp,gt,60,4,0.0667,0.0262,0.1593,0,5,51,0,0,10.53,0.0,0.0,0.23
mclbreak,rooms/crowd+outliers,mclbreak,3,3.0,pp,mcl,60,4,0.0667,0.0262,0.1593,14,4,38,0,0,11.01,0.466,0.792,0.24
mclbreak,rooms/crowd+outliers,mclbreak,3,3.0,pp_stop,gt,60,4,0.0667,0.0262,0.1593,0,4,51,0,1,19.17,0.0,0.0,0.33
mclbreak,rooms/crowd+outliers,mclbreak,3,3.0,pp_stop,mcl,60,1,0.0167,0.0029,0.0886,24,1,32,0,2,13.45,0.773,0.695,0.34
mclbreak,rooms/crowd+outliers,mclbreak,3,3.0,ppo,gt,60,5,0.0833,0.0361,0.1807,0,6,49,0,0,12.66,0.0,0.0,0.23
mclbreak,rooms/crowd+outliers,mclbreak,3,3.0,ppo,mcl,60,2,0.0333,0.0092,0.1136,16,5,36,0,1,13.73,0.53,0.744,0.23
mclbreak,rooms/crowd+outliers,mclbreak,3,3.0,ppo2,gt,60,1,0.0167,0.0029,0.0886,0,7,52,0,0,13.15,0.0,0.0,0.73
mclbreak,rooms/crowd+outliers,mclbreak,3,3.0,ppo2,mcl,60,0,0.0,0.0,0.0602,16,3,40,0,1,,0.509,0.558,0.76
mclbreak,rooms/crowd+outliers,mclbreak,3,3.0,ppo2_s0,gt,60,3,0.05,0.0171,0.137,0,5,52,0,0,12.58,0.0,0.0,0.71
mclbreak,rooms/crowd+outliers,mclbreak,3,3.0,ppo2_s0,mcl,60,1,0.0167,0.0029,0.0886,18,3,37,0,1,14.15,0.491,0.637,0.77
mclbreak,rooms/crowd+outliers,mclbreak,3,3.0,ppo2_s1,gt,60,1,0.0167,0.0029,0.0886,0,7,52,0,0,13.15,0.0,0.0,0.73
mclbreak,rooms/crowd+outliers,mclbreak,3,3.0,ppo2_s1,mcl,60,0,0.0,0.0,0.0602,16,3,40,0,1,,0.509,0.558,0.76
mclbreak,rooms/crowd+outliers,mclbreak,3,3.0,ppo2_s2,gt,60,0,0.0,0.0,0.0602,0,5,54,1,0,,0.0,0.0,0.72
mclbreak,rooms/crowd+outliers,mclbreak,3,3.0,ppo2_s2,mcl,60,0,0.0,0.0,0.0602,20,1,38,0,1,,0.488,0.554,0.75
mclbreak,rooms/crowd+outliers,mclbreak,3,3.0,ppo2nv,gt,60,0,0.0,0.0,0.0602,0,9,51,0,0,,0.0,0.0,0.23
mclbreak,rooms/crowd+outliers,mclbreak,3,3.0,ppo2nv,mcl,60,0,0.0,0.0,0.0602,17,2,40,0,1,,0.458,0.736,0.22
mclbreak,rooms/crowd+outliers,mclbreak,3,3.0,ppo2nv_s0,gt,60,2,0.0333,0.0092,0.1136,0,5,53,0,0,11.8,0.0,0.0,0.22
mclbreak,rooms/crowd+outliers,mclbreak,3,3.0,ppo2nv_s0,mcl,60,1,0.0167,0.0029,0.0886,20,1,37,0,1,15.4,0.503,0.764,0.23
mclbreak,rooms/crowd+outliers,mclbreak,3,3.0,ppo2nv_s1,gt,60,0,0.0,0.0,0.0602,0,0,4,0,56,,0.0,0.0,0.22
mclbreak,rooms/crowd+outliers,mclbreak,3,3.0,ppo2nv_s1,mcl,60,0,0.0,0.0,0.0602,20,0,3,0,37,,0.689,0.31,0.23
mclbreak,rooms/crowd+outliers,mclbreak,3,3.0,ppo2nv_s2,gt,60,0,0.0,0.0,0.0602,0,9,51,0,0,,0.0,0.0,0.23
mclbreak,rooms/crowd+outliers,mclbreak,3,3.0,ppo2nv_s2,mcl,60,0,0.0,0.0,0.0602,17,2,40,0,1,,0.458,0.736,0.22
mclbreak,rooms/crowd+outliers,mclbreak,3,3.0,ppo_s0,gt,60,3,0.05,0.0171,0.137,0,9,48,0,0,22.53,0.0,0.0,0.23
mclbreak,rooms/crowd+outliers,mclbreak,3,3.0,ppo_s0,mcl,60,4,0.0667,0.0262,0.1593,17,5,33,0,1,22.23,0.469,0.619,0.23
mclbreak,rooms/crowd+outliers,mclbreak,3,3.0,ppo_s1,gt,60,5,0.0833,0.0361,0.1807,0,6,49,0,0,12.66,0.0,0.0,0.23
mclbreak,rooms/crowd+outliers,mclbreak,3,3.0,ppo_s1,mcl,60,2,0.0333,0.0092,0.1136,16,5,36,0,1,13.73,0.53,0.744,0.23
mclbreak,rooms/crowd+outliers,mclbreak,3,3.0,ppo_s2,gt,60,2,0.0333,0.0092,0.1136,0,6,52,0,0,9.97,0.0,0.0,0.23
mclbreak,rooms/crowd+outliers,mclbreak,3,3.0,ppo_s2,mcl,60,4,0.0667,0.0262,0.1593,15,1,39,0,1,10.21,0.449,0.528,0.23
nominal,nominal,nominal,0,0.0,dwa,gt,240,172,0.7167,0.6566,0.7699,0,6,19,38,5,15.06,0.0,0.0,11.09
nominal,nominal,nominal,0,0.0,dwa,mcl,240,176,0.7333,0.674,0.7853,1,5,22,33,3,15.01,0.088,0.119,11.17
nominal,nominal,nominal,0,0.0,dwa,mcl_aug,240,161,0.6708,0.6091,0.7272,74,1,3,1,0,15.36,1.871,3.919,11.61
nominal,nominal,nominal,0,0.0,mppi,gt,240,156,0.65,0.5877,0.7076,0,0,41,41,2,16.77,0.0,0.0,18.53
nominal,nominal,nominal,0,0.0,mppi,mcl,240,166,0.6917,0.6306,0.7467,3,0,35,35,1,16.84,0.098,0.122,18.62
nominal,nominal,nominal,0,0.0,mppi,mcl_aug,240,115,0.4792,0.4168,0.5422,123,0,1,1,0,17.42,1.909,3.886,18.08
nominal,nominal,nominal,0,0.0,pp,gt,240,125,0.5208,0.4578,0.5832,0,33,82,0,0,11.46,0.0,0.0,0.31
nominal,nominal,nominal,0,0.0,pp,mcl,240,129,0.5375,0.4743,0.5995,0,29,82,0,0,11.51,0.08,0.118,0.3
nominal,nominal,nominal,0,0.0,pp,mcl_aug,240,70,0.2917,0.2378,0.3521,127,10,33,0,0,11.81,1.243,2.993,0.25
nominal,nominal,nominal,0,0.0,pp_stop,gt,240,168,0.7,0.6392,0.7545,0,4,47,3,18,13.46,0.0,0.0,0.33
nominal,nominal,nominal,0,0.0,pp_stop,mcl,240,166,0.6917,0.6306,0.7467,0,6,51,2,15,13.05,0.084,0.128,0.35
nominal,nominal,nominal,0,0.0,pp_stop,mcl_aug,240,108,0.45,0.3883,0.5132,116,1,11,1,3,15.29,1.621,3.466,0.35
nominal,nominal,nominal,0,0.0,ppo,gt,240,144,0.6,0.5369,0.6599,0,34,49,1,12,10.46,0.0,0.0,0.23
nominal,nominal,nominal,0,0.0,ppo,mcl,240,148,0.6167,0.5538,0.6759,1,33,46,0,12,10.95,0.087,0.144,0.25
nominal,nominal,nominal,0,0.0,ppo2,gt,240,113,0.4708,0.4086,0.5339,0,11,71,8,37,18.42,0.0,0.0,0.38
nominal,nominal,nominal,0,0.0,ppo2,mcl,240,109,0.4542,0.3924,0.5174,0,17,77,14,23,18.85,0.087,0.113,0.38
nominal,nominal,nominal,0,0.0,ppo2_s0,gt,240,120,0.5,0.4372,0.5628,0,20,67,4,29,18.18,0.0,0.0,0.38
nominal,nominal,nominal,0,0.0,ppo2_s0,mcl,240,109,0.4542,0.3924,0.5174,2,25,78,3,23,18.87,0.089,0.111,0.38
nominal,nominal,nominal,0,0.0,ppo2_s1,gt,240,113,0.4708,0.4086,0.5339,0,11,71,8,37,18.42,0.0,0.0,0.38
nominal,nominal,nominal,0,0.0,ppo2_s1,mcl,240,109,0.4542,0.3924,0.5174,0,17,77,14,23,18.85,0.087,0.113,0.38
nominal,nominal,nominal,0,0.0,ppo2_s2,gt,240,116,0.4833,0.4209,0.5463,0,12,86,5,21,18.58,0.0,0.0,0.38
nominal,nominal,nominal,0,0.0,ppo2_s2,mcl,240,128,0.5333,0.4702,0.5954,0,9,86,2,15,18.45,0.085,0.117,0.38
nominal,nominal,nominal,0,0.0,ppo2nv,gt,240,135,0.5625,0.4992,0.6238,0,16,72,1,16,15.2,0.0,0.0,0.32
nominal,nominal,nominal,0,0.0,ppo2nv,mcl,240,131,0.5458,0.4826,0.6076,0,17,77,1,14,15.39,0.08,0.117,0.34
nominal,nominal,nominal,0,0.0,ppo2nv_s0,gt,240,132,0.55,0.4868,0.6117,0,17,60,4,27,14.45,0.0,0.0,0.32
nominal,nominal,nominal,0,0.0,ppo2nv_s0,mcl,240,137,0.5708,0.5076,0.6319,1,18,58,5,21,14.84,0.086,0.116,0.33
nominal,nominal,nominal,0,0.0,ppo2nv_s1,gt,240,0,0.0,0.0,0.0158,0,5,2,0,233,,0.0,0.0,0.33
nominal,nominal,nominal,0,0.0,ppo2nv_s1,mcl,240,0,0.0,0.0,0.0158,0,4,2,0,234,,0.049,0.052,0.34
nominal,nominal,nominal,0,0.0,ppo2nv_s2,gt,240,135,0.5625,0.4992,0.6238,0,16,72,1,16,15.2,0.0,0.0,0.32
nominal,nominal,nominal,0,0.0,ppo2nv_s2,mcl,240,131,0.5458,0.4826,0.6076,0,17,77,1,14,15.39,0.08,0.117,0.34
nominal,nominal,nominal,0,0.0,ppo_s0,gt,240,151,0.6292,0.5665,0.6878,0,38,43,0,8,9.63,0.0,0.0,0.24
nominal,nominal,nominal,0,0.0,ppo_s0,mcl,240,158,0.6583,0.5963,0.7154,0,34,41,0,7,9.79,0.083,0.147,0.24
nominal,nominal,nominal,0,0.0,ppo_s1,gt,240,144,0.6,0.5369,0.6599,0,34,49,1,12,10.46,0.0,0.0,0.23
nominal,nominal,nominal,0,0.0,ppo_s1,mcl,240,148,0.6167,0.5538,0.6759,1,33,46,0,12,10.95,0.087,0.144,0.25
nominal,nominal,nominal,0,0.0,ppo_s2,gt,240,127,0.5292,0.4661,0.5914,0,34,62,2,15,10.92,0.0,0.0,0.24
nominal,nominal,nominal,0,0.0,ppo_s2,mcl,240,132,0.55,0.4868,0.6117,0,37,56,5,10,11.35,0.089,0.133,0.24
stress,agent_density=2,agent_density,1,2.0,dwa,gt,60,42,0.7,0.5749,0.801,0,3,4,10,1,16.0,0.0,0.0,11.8
stress,agent_density=2,agent_density,1,2.0,dwa,mcl,60,43,0.7167,0.5923,0.8149,1,1,7,7,1,17.0,0.117,0.15,11.91
stress,agent_density=2,agent_density,1,2.0,mppi,gt,60,27,0.45,0.3309,0.5751,0,0,14,19,0,19.72,0.0,0.0,19.08
stress,agent_density=2,agent_density,1,2.0,mppi,mcl,60,31,0.5167,0.3931,0.6382,1,0,17,11,0,20.18,0.13,0.134,19.11
stress,agent_density=2,agent_density,1,2.0,pp,gt,60,19,0.3167,0.2131,0.4423,0,8,33,0,0,11.61,0.0,0.0,0.29
stress,agent_density=2,agent_density,1,2.0,pp,mcl,60,21,0.35,0.2417,0.4764,0,6,33,0,0,11.5,0.077,0.127,0.33
stress,agent_density=2,agent_density,1,2.0,pp_stop,gt,60,33,0.55,0.4249,0.6691,0,0,15,0,12,14.15,0.0,0.0,0.34
stress,agent_density=2,agent_density,1,2.0,pp_stop,mcl,60,34,0.5667,0.441,0.6843,0,0,17,3,6,14.06,0.096,0.15,0.35
stress,agent_density=2,agent_density,1,2.0,ppo,gt,60,27,0.45,0.3309,0.5751,0,11,19,0,3,11.76,0.0,0.0,0.23
stress,agent_density=2,agent_density,1,2.0,ppo,mcl,60,23,0.3833,0.2709,0.5098,0,10,23,2,2,11.83,0.089,0.117,0.22
stress,agent_density=2,agent_density,1,2.0,ppo2,gt,60,14,0.2333,0.1444,0.3544,0,3,30,4,9,20.53,0.0,0.0,0.4
stress,agent_density=2,agent_density,1,2.0,ppo2,mcl,60,14,0.2333,0.1444,0.3544,0,3,34,1,8,25.69,0.093,0.108,0.41
stress,agent_density=2,agent_density,1,2.0,ppo2_s0,gt,60,18,0.3,0.199,0.4251,0,8,26,1,7,19.46,0.0,0.0,0.39
stress,agent_density=2,agent_density,1,2.0,ppo2_s0,mcl,60,20,0.3333,0.2273,0.4594,2,4,30,0,4,21.04,0.099,0.119,0.41
stress,agent_density=2,agent_density,1,2.0,ppo2_s1,gt,60,14,0.2333,0.1444,0.3544,0,3,30,4,9,20.53,0.0,0.0,0.4
stress,agent_density=2,agent_density,1,2.0,ppo2_s1,mcl,60,14,0.2333,0.1444,0.3544,0,3,34,1,8,25.69,0.093,0.108,0.41
stress,agent_density=2,agent_density,1,2.0,ppo2_s2,gt,60,22,0.3667,0.2562,0.4932,0,1,27,2,8,20.45,0.0,0.0,0.4
stress,agent_density=2,agent_density,1,2.0,ppo2_s2,mcl,60,20,0.3333,0.2273,0.4594,0,4,29,3,4,21.88,0.084,0.114,0.4
stress,agent_density=2,agent_density,1,2.0,ppo2nv,gt,60,27,0.45,0.3309,0.5751,0,4,25,0,4,16.79,0.0,0.0,0.43
stress,agent_density=2,agent_density,1,2.0,ppo2nv,mcl,60,22,0.3667,0.2562,0.4932,0,2,31,1,4,17.17,0.082,0.131,0.39
stress,agent_density=2,agent_density,1,2.0,ppo2nv_s0,gt,60,21,0.35,0.2417,0.4764,0,4,27,1,7,15.28,0.0,0.0,0.47
stress,agent_density=2,agent_density,1,2.0,ppo2nv_s0,mcl,60,26,0.4333,0.3157,0.559,0,4,26,1,3,16.5,0.087,0.113,0.41
stress,agent_density=2,agent_density,1,2.0,ppo2nv_s1,gt,60,0,0.0,0.0,0.0602,0,1,0,0,59,,0.0,0.0,0.41
stress,agent_density=2,agent_density,1,2.0,ppo2nv_s1,mcl,60,0,0.0,0.0,0.0602,0,0,0,0,60,,0.047,0.069,0.38
stress,agent_density=2,agent_density,1,2.0,ppo2nv_s2,gt,60,27,0.45,0.3309,0.5751,0,4,25,0,4,16.79,0.0,0.0,0.43
stress,agent_density=2,agent_density,1,2.0,ppo2nv_s2,mcl,60,22,0.3667,0.2562,0.4932,0,2,31,1,4,17.17,0.082,0.131,0.39
stress,agent_density=2,agent_density,1,2.0,ppo_s0,gt,60,33,0.55,0.4249,0.6691,0,8,17,0,2,9.93,0.0,0.0,0.23
stress,agent_density=2,agent_density,1,2.0,ppo_s0,mcl,60,32,0.5333,0.4089,0.6537,0,7,18,0,3,9.82,0.091,0.147,0.22
stress,agent_density=2,agent_density,1,2.0,ppo_s1,gt,60,27,0.45,0.3309,0.5751,0,11,19,0,3,11.76,0.0,0.0,0.23
stress,agent_density=2,agent_density,1,2.0,ppo_s1,mcl,60,23,0.3833,0.2709,0.5098,0,10,23,2,2,11.83,0.089,0.117,0.22
stress,agent_density=2,agent_density,1,2.0,ppo_s2,gt,60,26,0.4333,0.3157,0.559,0,5,25,1,3,11.15,0.0,0.0,0.22
stress,agent_density=2,agent_density,1,2.0,ppo_s2,mcl,60,20,0.3333,0.2273,0.4594,1,7,27,0,5,11.31,0.097,0.112,0.22
stress,agent_density=3,agent_density,2,3.0,dwa,gt,60,33,0.55,0.4249,0.6691,0,4,7,15,1,18.17,0.0,0.0,12.09
stress,agent_density=3,agent_density,2,3.0,dwa,mcl,60,37,0.6167,0.4902,0.7291,0,3,10,9,1,17.08,0.111,0.166,12.32
stress,agent_density=3,agent_density,2,3.0,mppi,gt,60,19,0.3167,0.2131,0.4423,0,0,21,20,0,20.39,0.0,0.0,18.93
stress,agent_density=3,agent_density,2,3.0,mppi,mcl,60,19,0.3167,0.2131,0.4423,3,0,23,15,0,20.86,0.167,0.164,19.04
stress,agent_density=3,agent_density,2,3.0,pp,gt,60,13,0.2167,0.1312,0.3362,0,8,39,0,0,11.45,0.0,0.0,0.28
stress,agent_density=3,agent_density,2,3.0,pp,mcl,60,15,0.25,0.1578,0.3723,0,6,39,0,0,11.29,0.093,0.143,0.27
stress,agent_density=3,agent_density,2,3.0,pp_stop,gt,60,22,0.3667,0.2562,0.4932,0,0,24,3,11,13.3,0.0,0.0,0.34
stress,agent_density=3,agent_density,2,3.0,pp_stop,mcl,60,22,0.3667,0.2562,0.4932,0,0,28,2,8,14.59,0.104,0.171,0.35
stress,agent_density=3,agent_density,2,3.0,ppo,gt,60,19,0.3167,0.2131,0.4423,0,12,25,0,4,11.0,0.0,0.0,0.23
stress,agent_density=3,agent_density,2,3.0,ppo,mcl,60,22,0.3667,0.2562,0.4932,0,11,25,1,1,12.32,0.09,0.145,0.22
stress,agent_density=3,agent_density,2,3.0,ppo2,gt,60,13,0.2167,0.1312,0.3362,0,3,34,4,6,23.46,0.0,0.0,0.42
stress,agent_density=3,agent_density,2,3.0,ppo2,mcl,60,13,0.2167,0.1312,0.3362,0,1,32,5,9,25.55,0.098,0.142,0.42
stress,agent_density=3,agent_density,2,3.0,ppo2_s0,gt,60,7,0.1167,0.0577,0.2218,0,3,40,0,10,22.39,0.0,0.0,0.42
stress,agent_density=3,agent_density,2,3.0,ppo2_s0,mcl,60,15,0.25,0.1578,0.3723,1,5,32,2,5,23.32,0.106,0.133,0.42
stress,agent_density=3,agent_density,2,3.0,ppo2_s1,gt,60,13,0.2167,0.1312,0.3362,0,3,34,4,6,23.46,0.0,0.0,0.42
stress,agent_density=3,agent_density,2,3.0,ppo2_s1,mcl,60,13,0.2167,0.1312,0.3362,0,1,32,5,9,25.55,0.098,0.142,0.42
stress,agent_density=3,agent_density,2,3.0,ppo2_s2,gt,60,12,0.2,0.1183,0.3178,0,4,32,1,11,23.11,0.0,0.0,0.42
stress,agent_density=3,agent_density,2,3.0,ppo2_s2,mcl,60,16,0.2667,0.1713,0.3901,0,4,32,1,7,22.03,0.097,0.112,0.42
stress,agent_density=3,agent_density,2,3.0,ppo2nv,gt,60,17,0.2833,0.1851,0.4077,0,0,36,0,7,16.71,0.0,0.0,0.37
stress,agent_density=3,agent_density,2,3.0,ppo2nv,mcl,60,15,0.25,0.1578,0.3723,0,1,40,0,4,17.49,0.101,0.147,0.39
stress,agent_density=3,agent_density,2,3.0,ppo2nv_s0,gt,60,14,0.2333,0.1444,0.3544,0,5,32,1,8,17.27,0.0,0.0,0.39
stress,agent_density=3,agent_density,2,3.0,ppo2nv_s0,mcl,60,18,0.3,0.199,0.4251,0,9,27,2,4,15.95,0.089,0.12,0.39
stress,agent_density=3,agent_density,2,3.0,ppo2nv_s1,gt,60,0,0.0,0.0,0.0602,0,1,0,0,59,,0.0,0.0,0.37
stress,agent_density=3,agent_density,2,3.0,ppo2nv_s1,mcl,60,0,0.0,0.0,0.0602,0,0,0,0,60,,0.05,0.071,0.37
stress,agent_density=3,agent_density,2,3.0,ppo2nv_s2,gt,60,17,0.2833,0.1851,0.4077,0,0,36,0,7,16.71,0.0,0.0,0.37
stress,agent_density=3,agent_density,2,3.0,ppo2nv_s2,mcl,60,15,0.25,0.1578,0.3723,0,1,40,0,4,17.49,0.101,0.147,0.39
stress,agent_density=3,agent_density,2,3.0,ppo_s0,gt,60,29,0.4833,0.3618,0.6069,0,12,18,0,1,9.98,0.0,0.0,0.23
stress,agent_density=3,agent_density,2,3.0,ppo_s0,mcl,60,25,0.4167,0.3006,0.5427,0,10,23,0,2,9.62,0.09,0.149,0.22
stress,agent_density=3,agent_density,2,3.0,ppo_s1,gt,60,19,0.3167,0.2131,0.4423,0,12,25,0,4,11.0,0.0,0.0,0.23
stress,agent_density=3,agent_density,2,3.0,ppo_s1,mcl,60,22,0.3667,0.2562,0.4932,0,11,25,1,1,12.32,0.09,0.145,0.22
stress,agent_density=3,agent_density,2,3.0,ppo_s2,gt,60,20,0.3333,0.2273,0.4594,0,8,28,0,4,10.49,0.0,0.0,0.23
stress,agent_density=3,agent_density,2,3.0,ppo_s2,mcl,60,20,0.3333,0.2273,0.4594,1,10,24,1,4,11.63,0.102,0.14,0.23
stress,agent_density=4.5,agent_density,3,4.5,dwa,gt,60,28,0.4667,0.3463,0.5911,0,2,15,15,0,17.91,0.0,0.0,12.35
stress,agent_density=4.5,agent_density,3,4.5,dwa,mcl,60,25,0.4167,0.3006,0.5427,1,3,21,9,1,18.03,0.132,0.191,12.38
stress,agent_density=4.5,agent_density,3,4.5,mppi,gt,60,13,0.2167,0.1312,0.3362,0,1,29,17,0,19.39,0.0,0.0,20.29
stress,agent_density=4.5,agent_density,3,4.5,mppi,mcl,60,13,0.2167,0.1312,0.3362,1,0,27,19,0,20.92,0.133,0.172,20.27
stress,agent_density=4.5,agent_density,3,4.5,pp,gt,60,8,0.1333,0.0691,0.2417,0,8,44,0,0,11.24,0.0,0.0,0.23
stress,agent_density=4.5,agent_density,3,4.5,pp,mcl,60,10,0.1667,0.0931,0.2803,0,6,44,0,0,11.3,0.096,0.155,0.24
stress,agent_density=4.5,agent_density,3,4.5,pp_stop,gt,60,12,0.2,0.1183,0.3178,0,3,32,1,12,14.01,0.0,0.0,0.33
stress,agent_density=4.5,agent_density,3,4.5,pp_stop,mcl,60,15,0.25,0.1578,0.3723,0,3,30,3,9,17.27,0.116,0.169,0.34
stress,agent_density=4.5,agent_density,3,4.5,ppo,gt,60,13,0.2167,0.1312,0.3362,0,14,29,0,4,11.25,0.0,0.0,0.23
stress,agent_density=4.5,agent_density,3,4.5,ppo,mcl,60,13,0.2167,0.1312,0.3362,0,13,33,0,1,13.0,0.092,0.166,0.23
stress,agent_density=4.5,agent_density,3,4.5,ppo2,gt,60,4,0.0667,0.0262,0.1593,0,7,34,6,9,16.8,0.0,0.0,0.44
stress,agent_density=4.5,agent_density,3,4.5,ppo2,mcl,60,4,0.0667,0.0262,0.1593,1,7,35,5,8,29.2,0.112,0.128,0.45
stress,agent_density=4.5,agent_density,3,4.5,ppo2_s0,gt,60,9,0.15,0.081,0.2611,0,2,37,2,10,24.63,0.0,0.0,0.44
stress,agent_density=4.5,agent_density,3,4.5,ppo2_s0,mcl,60,7,0.1167,0.0577,0.2218,1,3,43,1,5,31.29,0.126,0.134,0.44
stress,agent_density=4.5,agent_density,3,4.5,ppo2_s1,gt,60,4,0.0667,0.0262,0.1593,0,7,34,6,9,16.8,0.0,0.0,0.44
stress,agent_density=4.5,agent_density,3,4.5,ppo2_s1,mcl,60,4,0.0667,0.0262,0.1593,1,7,35,5,8,29.2,0.112,0.128,0.45
stress,agent_density=4.5,agent_density,3,4.5,ppo2_s2,gt,60,9,0.15,0.081,0.2611,0,3,38,0,10,20.24,0.0,0.0,0.44
stress,agent_density=4.5,agent_density,3,4.5,ppo2_s2,mcl,60,8,0.1333,0.0691,0.2417,0,4,39,0,9,22.02,0.1,0.164,0.44
stress,agent_density=4.5,agent_density,3,4.5,ppo2nv,gt,60,14,0.2333,0.1444,0.3544,0,1,39,0,6,18.94,0.0,0.0,0.39
stress,agent_density=4.5,agent_density,3,4.5,ppo2nv,mcl,60,11,0.1833,0.1056,0.2992,0,4,38,0,7,17.26,0.101,0.139,0.45
stress,agent_density=4.5,agent_density,3,4.5,ppo2nv_s0,gt,60,10,0.1667,0.0931,0.2803,0,5,33,2,10,21.63,0.0,0.0,0.4
stress,agent_density=4.5,agent_density,3,4.5,ppo2nv_s0,mcl,60,9,0.15,0.081,0.2611,1,2,38,0,10,14.59,0.115,0.137,0.4
stress,agent_density=4.5,agent_density,3,4.5,ppo2nv_s1,gt,60,0,0.0,0.0,0.0602,0,0,2,0,58,,0.0,0.0,0.39
stress,agent_density=4.5,agent_density,3,4.5,ppo2nv_s1,mcl,60,0,0.0,0.0,0.0602,0,0,2,0,58,,0.053,0.071,0.39
stress,agent_density=4.5,agent_density,3,4.5,ppo2nv_s2,gt,60,14,0.2333,0.1444,0.3544,0,1,39,0,6,18.94,0.0,0.0,0.39
stress,agent_density=4.5,agent_density,3,4.5,ppo2nv_s2,mcl,60,11,0.1833,0.1056,0.2992,0,4,38,0,7,17.26,0.101,0.139,0.45
stress,agent_density=4.5,agent_density,3,4.5,ppo_s0,gt,60,15,0.25,0.1578,0.3723,0,11,32,0,2,9.55,0.0,0.0,0.22
stress,agent_density=4.5,agent_density,3,4.5,ppo_s0,mcl,60,15,0.25,0.1578,0.3723,0,11,33,0,1,10.9,0.097,0.16,0.22
stress,agent_density=4.5,agent_density,3,4.5,ppo_s1,gt,60,13,0.2167,0.1312,0.3362,0,14,29,0,4,11.25,0.0,0.0,0.23
stress,agent_density=4.5,agent_density,3,4.5,ppo_s1,mcl,60,13,0.2167,0.1312,0.3362,0,13,33,0,1,13.0,0.092,0.166,0.23
stress,agent_density=4.5,agent_density,3,4.5,ppo_s2,gt,60,10,0.1667,0.0931,0.2803,0,11,30,1,8,14.64,0.0,0.0,0.23
stress,agent_density=4.5,agent_density,3,4.5,ppo_s2,mcl,60,10,0.1667,0.0931,0.2803,1,10,33,1,5,15.02,0.114,0.146,0.23
stress,agent_density=6,agent_density,4,6.0,dwa,gt,60,22,0.3667,0.2562,0.4932,0,5,19,14,0,18.77,0.0,0.0,12.42
stress,agent_density=6,agent_density,4,6.0,dwa,mcl,60,15,0.25,0.1578,0.3723,3,3,23,14,2,19.02,0.165,0.191,12.59
stress,agent_density=6,agent_density,4,6.0,mppi,gt,60,9,0.15,0.081,0.2611,0,1,31,19,0,25.07,0.0,0.0,19.06
stress,agent_density=6,agent_density,4,6.0,mppi,mcl,60,11,0.1833,0.1056,0.2992,1,0,32,16,0,21.86,0.14,0.227,19.29
stress,agent_density=6,agent_density,4,6.0,pp,gt,60,4,0.0667,0.0262,0.1593,0,8,48,0,0,11.21,0.0,0.0,0.23
stress,agent_density=6,agent_density,4,6.0,pp,mcl,60,6,0.1,0.0466,0.2015,0,6,48,0,0,11.34,0.101,0.161,0.23
stress,agent_density=6,agent_density,4,6.0,pp_stop,gt,60,13,0.2167,0.1312,0.3362,0,2,37,0,8,18.3,0.0,0.0,0.38
stress,agent_density=6,agent_density,4,6.0,pp_stop,mcl,60,8,0.1333,0.0691,0.2417,0,4,40,1,7,16.49,0.118,0.153,0.37
stress,agent_density=6,agent_density,4,6.0,ppo,gt,60,7,0.1167,0.0577,0.2218,0,13,37,0,3,9.64,0.0,0.0,0.23
stress,agent_density=6,agent_density,4,6.0,ppo,mcl,60,5,0.0833,0.0361,0.1807,1,15,36,0,3,9.96,0.108,0.163,0.23
stress,agent_density=6,agent_density,4,6.0,ppo2,gt,60,5,0.0833,0.0361,0.1807,0,3,36,1,15,28.44,0.0,0.0,0.45
stress,agent_density=6,agent_density,4,6.0,ppo2,mcl,60,5,0.0833,0.0361,0.1807,0,3,34,6,12,30.73,0.098,0.141,0.46
stress,agent_density=6,agent_density,4,6.0,ppo2_s0,gt,60,5,0.0833,0.0361,0.1807,0,1,43,0,11,26.26,0.0,0.0,0.46
stress,agent_density=6,agent_density,4,6.0,ppo2_s0,mcl,60,9,0.15,0.081,0.2611,1,3,36,1,10,25.02,0.133,0.185,0.46
stress,agent_density=6,agent_density,4,6.0,ppo2_s1,gt,60,5,0.0833,0.0361,0.1807,0,3,36,1,15,28.44,0.0,0.0,0.45
stress,agent_density=6,agent_density,4,6.0,ppo2_s1,mcl,60,5,0.0833,0.0361,0.1807,0,3,34,6,12,30.73,0.098,0.141,0.46
stress,agent_density=6,agent_density,4,6.0,ppo2_s2,gt,60,7,0.1167,0.0577,0.2218,0,1,42,2,8,20.72,0.0,0.0,0.44
stress,agent_density=6,agent_density,4,6.0,ppo2_s2,mcl,60,7,0.1167,0.0577,0.2218,0,1,42,1,9,21.56,0.112,0.151,0.45
stress,agent_density=6,agent_density,4,6.0,ppo2nv,gt,60,9,0.15,0.081,0.2611,0,2,44,0,5,15.36,0.0,0.0,0.36
stress,agent_density=6,agent_density,4,6.0,ppo2nv,mcl,60,10,0.1667,0.0931,0.2803,0,3,38,0,9,16.34,0.115,0.179,0.36
stress,agent_density=6,agent_density,4,6.0,ppo2nv_s0,gt,60,7,0.1167,0.0577,0.2218,0,9,35,1,8,20.99,0.0,0.0,0.43
stress,agent_density=6,agent_density,4,6.0,ppo2nv_s0,mcl,60,9,0.15,0.081,0.2611,1,4,37,1,8,20.42,0.138,0.157,0.39
stress,agent_density=6,agent_density,4,6.0,ppo2nv_s1,gt,60,0,0.0,0.0,0.0602,0,0,3,0,57,,0.0,0.0,0.35
stress,agent_density=6,agent_density,4,6.0,ppo2nv_s1,mcl,60,0,0.0,0.0,0.0602,0,0,3,0,57,,0.061,0.089,0.4
stress,agent_density=6,agent_density,4,6.0,ppo2nv_s2,gt,60,9,0.15,0.081,0.2611,0,2,44,0,5,15.36,0.0,0.0,0.36
stress,agent_density=6,agent_density,4,6.0,ppo2nv_s2,mcl,60,10,0.1667,0.0931,0.2803,0,3,38,0,9,16.34,0.115,0.179,0.36
stress,agent_density=6,agent_density,4,6.0,ppo_s0,gt,60,10,0.1667,0.0931,0.2803,0,13,35,0,2,10.05,0.0,0.0,0.23
stress,agent_density=6,agent_density,4,6.0,ppo_s0,mcl,60,8,0.1333,0.0691,0.2417,0,14,37,0,1,10.88,0.105,0.17,0.23
stress,agent_density=6,agent_density,4,6.0,ppo_s1,gt,60,7,0.1167,0.0577,0.2218,0,13,37,0,3,9.64,0.0,0.0,0.23
stress,agent_density=6,agent_density,4,6.0,ppo_s1,mcl,60,5,0.0833,0.0361,0.1807,1,15,36,0,3,9.96,0.108,0.163,0.23
stress,agent_density=6,agent_density,4,6.0,ppo_s2,gt,60,9,0.15,0.081,0.2611,0,7,40,1,3,15.93,0.0,0.0,0.23
stress,agent_density=6,agent_density,4,6.0,ppo_s2,mcl,60,11,0.1833,0.1056,0.2992,0,8,38,1,2,16.82,0.115,0.167,0.23
stress,agent_speed=1.5,agent_speed,1,1.5,dwa,gt,60,38,0.6333,0.5068,0.7438,0,0,11,9,2,16.0,0.0,0.0,11.39
stress,agent_speed=1.5,agent_speed,1,1.5,dwa,mcl,60,38,0.6333,0.5068,0.7438,0,2,9,10,1,15.72,0.078,0.116,11.59
stress,agent_speed=1.5,agent_speed,1,1.5,mppi,gt,60,34,0.5667,0.441,0.6843,0,0,14,11,1,17.52,0.0,0.0,17.81
stress,agent_speed=1.5,agent_speed,1,1.5,mppi,mcl,60,35,0.5833,0.4573,0.6994,1,0,11,13,0,17.97,0.115,0.106,17.98
stress,agent_speed=1.5,agent_speed,1,1.5,pp,gt,60,30,0.5,0.3774,0.6226,0,7,23,0,0,12.05,0.0,0.0,0.42
stress,agent_speed=1.5,agent_speed,1,1.5,pp,mcl,60,30,0.5,0.3774,0.6226,0,6,24,0,0,12.1,0.069,0.114,0.52
stress,agent_speed=1.5,agent_speed,1,1.5,pp_stop,gt,60,37,0.6167,0.4902,0.7291,0,1,16,1,5,13.51,0.0,0.0,0.48
stress,agent_speed=1.5,agent_speed,1,1.5,pp_stop,mcl,60,38,0.6333,0.5068,0.7438,0,1,16,2,3,13.82,0.079,0.122,0.5
stress,agent_speed=1.5,agent_speed,1,1.5,ppo,gt,60,35,0.5833,0.4573,0.6994,0,7,15,1,2,11.03,0.0,0.0,0.23
stress,agent_speed=1.5,agent_speed,1,1.5,ppo,mcl,60,35,0.5833,0.4573,0.6994,0,8,14,0,3,11.06,0.087,0.121,0.23
stress,agent_speed=1.5,agent_speed,1,1.5,ppo2,gt,60,26,0.4333,0.3157,0.559,0,5,19,2,8,18.67,0.0,0.0,0.37
stress,agent_speed=1.5,agent_speed,1,1.5,ppo2,mcl,60,30,0.5,0.3774,0.6226,0,1,20,1,8,19.64,0.077,0.102,0.37
stress,agent_speed=1.5,agent_speed,1,1.5,ppo2_s0,gt,60,31,0.5167,0.3931,0.6382,0,3,20,1,5,18.67,0.0,0.0,0.37
stress,agent_speed=1.5,agent_speed,1,1.5,ppo2_s0,mcl,60,32,0.5333,0.4089,0.6537,1,3,19,1,4,21.23,0.091,0.115,0.38
stress,agent_speed=1.5,agent_speed,1,1.5,ppo2_s1,gt,60,26,0.4333,0.3157,0.559,0,5,19,2,8,18.67,0.0,0.0,0.37
stress,agent_speed=1.5,agent_speed,1,1.5,ppo2_s1,mcl,60,30,0.5,0.3774,0.6226,0,1,20,1,8,19.64,0.077,0.102,0.37
stress,agent_speed=1.5,agent_speed,1,1.5,ppo2_s2,gt,60,28,0.4667,0.3463,0.5911,0,4,21,1,6,18.01,0.0,0.0,0.37
stress,agent_speed=1.5,agent_speed,1,1.5,ppo2_s2,mcl,60,24,0.4,0.2857,0.5263,0,1,27,1,7,17.78,0.072,0.104,0.37
stress,agent_speed=1.5,agent_speed,1,1.5,ppo2nv,gt,60,25,0.4167,0.3006,0.5427,0,4,25,0,6,17.38,0.0,0.0,0.28
stress,agent_speed=1.5,agent_speed,1,1.5,ppo2nv,mcl,60,29,0.4833,0.3618,0.6069,0,4,22,0,5,16.9,0.074,0.098,0.27
stress,agent_speed=1.5,agent_speed,1,1.5,ppo2nv_s0,gt,60,26,0.4333,0.3157,0.559,0,6,19,2,7,17.11,0.0,0.0,0.26
stress,agent_speed=1.5,agent_speed,1,1.5,ppo2nv_s0,mcl,60,26,0.4333,0.3157,0.559,0,7,21,1,5,16.5,0.072,0.099,0.26
stress,agent_speed=1.5,agent_speed,1,1.5,ppo2nv_s1,gt,60,0,0.0,0.0,0.0602,0,1,2,0,57,,0.0,0.0,0.29
stress,agent_speed=1.5,agent_speed,1,1.5,ppo2nv_s1,mcl,60,0,0.0,0.0,0.0602,0,0,2,0,58,,0.039,0.053,0.31
stress,agent_speed=1.5,agent_speed,1,1.5,ppo2nv_s2,gt,60,25,0.4167,0.3006,0.5427,0,4,25,0,6,17.38,0.0,0.0,0.28
stress,agent_speed=1.5,agent_speed,1,1.5,ppo2nv_s2,mcl,60,29,0.4833,0.3618,0.6069,0,4,22,0,5,16.9,0.074,0.098,0.27
stress,agent_speed=1.5,agent_speed,1,1.5,ppo_s0,gt,60,38,0.6333,0.5068,0.7438,0,6,15,0,1,9.67,0.0,0.0,0.23
stress,agent_speed=1.5,agent_speed,1,1.5,ppo_s0,mcl,60,40,0.6667,0.5406,0.7727,0,5,13,0,2,9.33,0.086,0.144,0.23
stress,agent_speed=1.5,agent_speed,1,1.5,ppo_s1,gt,60,35,0.5833,0.4573,0.6994,0,7,15,1,2,11.03,0.0,0.0,0.23
stress,agent_speed=1.5,agent_speed,1,1.5,ppo_s1,mcl,60,35,0.5833,0.4573,0.6994,0,8,14,0,3,11.06,0.087,0.121,0.23
stress,agent_speed=1.5,agent_speed,1,1.5,ppo_s2,gt,60,34,0.5667,0.441,0.6843,0,4,18,0,4,12.2,0.0,0.0,0.23
stress,agent_speed=1.5,agent_speed,1,1.5,ppo_s2,mcl,60,33,0.55,0.4249,0.6691,1,7,17,0,2,13.45,0.093,0.105,0.23
stress,agent_speed=2,agent_speed,2,2.0,dwa,gt,60,35,0.5833,0.4573,0.6994,0,1,14,10,0,16.33,0.0,0.0,11.28
stress,agent_speed=2,agent_speed,2,2.0,dwa,mcl,60,35,0.5833,0.4573,0.6994,1,2,14,8,0,18.18,0.089,0.112,11.55
stress,agent_speed=2,agent_speed,2,2.0,mppi,gt,60,28,0.4667,0.3463,0.5911,0,0,19,13,0,18.33,0.0,0.0,18.63
stress,agent_speed=2,agent_speed,2,2.0,mppi,mcl,60,31,0.5167,0.3931,0.6382,2,0,18,9,0,17.35,0.121,0.124,18.05
stress,agent_speed=2,agent_speed,2,2.0,pp,gt,60,26,0.4333,0.3157,0.559,0,8,26,0,0,11.97,0.0,0.0,0.48
stress,agent_speed=2,agent_speed,2,2.0,pp,mcl,60,26,0.4333,0.3157,0.559,0,7,27,0,0,12.01,0.063,0.097,0.47
stress,agent_speed=2,agent_speed,2,2.0,pp_stop,gt,60,33,0.55,0.4249,0.6691,0,1,22,0,4,13.11,0.0,0.0,0.45
stress,agent_speed=2,agent_speed,2,2.0,pp_stop,mcl,60,34,0.5667,0.441,0.6843,0,2,22,0,2,14.45,0.076,0.106,0.46
stress,agent_speed=2,agent_speed,2,2.0,ppo,gt,60,32,0.5333,0.4089,0.6537,0,6,20,0,2,10.83,0.0,0.0,0.22
stress,agent_speed=2,agent_speed,2,2.0,ppo,mcl,60,31,0.5167,0.3931,0.6382,0,12,16,0,1,10.9,0.086,0.117,0.23
stress,agent_speed=2,agent_speed,2,2.0,ppo2,gt,60,25,0.4167,0.3006,0.5427,0,2,27,1,5,19.89,0.0,0.0,0.38
stress,agent_speed=2,agent_speed,2,2.0,ppo2,mcl,60,25,0.4167,0.3006,0.5427,0,5,23,3,4,19.23,0.074,0.097,0.37
stress,agent_speed=2,agent_speed,2,2.0,ppo2_s0,gt,60,31,0.5167,0.3931,0.6382,0,4,17,0,8,18.47,0.0,0.0,0.37
stress,agent_speed=2,agent_speed,2,2.0,ppo2_s0,mcl,60,27,0.45,0.3309,0.5751,1,4,22,1,5,19.41,0.084,0.096,0.37
stress,agent_speed=2,agent_speed,2,2.0,ppo2_s1,gt,60,25,0.4167,0.3006,0.5427,0,2,27,1,5,19.89,0.0,0.0,0.38
stress,agent_speed=2,agent_speed,2,2.0,ppo2_s1,mcl,60,25,0.4167,0.3006,0.5427,0,5,23,3,4,19.23,0.074,0.097,0.37
stress,agent_speed=2,agent_speed,2,2.0,ppo2_s2,gt,60,31,0.5167,0.3931,0.6382,0,1,20,3,5,21.05,0.0,0.0,0.36
stress,agent_speed=2,agent_speed,2,2.0,ppo2_s2,mcl,60,33,0.55,0.4249,0.6691,0,2,20,0,5,20.72,0.078,0.112,0.37
stress,agent_speed=2,agent_speed,2,2.0,ppo2nv,gt,60,26,0.4333,0.3157,0.559,0,3,28,0,3,17.06,0.0,0.0,0.23
stress,agent_speed=2,agent_speed,2,2.0,ppo2nv,mcl,60,22,0.3667,0.2562,0.4932,0,4,28,2,4,16.25,0.072,0.116,0.23
stress,agent_speed=2,agent_speed,2,2.0,ppo2nv_s0,gt,60,21,0.35,0.2417,0.4764,0,9,26,0,4,15.31,0.0,0.0,0.23
stress,agent_speed=2,agent_speed,2,2.0,ppo2nv_s0,mcl,60,23,0.3833,0.2709,0.5098,0,8,22,1,6,15.54,0.069,0.104,0.24
stress,agent_speed=2,agent_speed,2,2.0,ppo2nv_s1,gt,60,0,0.0,0.0,0.0602,0,1,2,0,57,,0.0,0.0,0.23
stress,agent_speed=2,agent_speed,2,2.0,ppo2nv_s1,mcl,60,0,0.0,0.0,0.0602,0,0,2,0,58,,0.04,0.055,0.23
stress,agent_speed=2,agent_speed,2,2.0,ppo2nv_s2,gt,60,26,0.4333,0.3157,0.559,0,3,28,0,3,17.06,0.0,0.0,0.23
stress,agent_speed=2,agent_speed,2,2.0,ppo2nv_s2,mcl,60,22,0.3667,0.2562,0.4932,0,4,28,2,4,16.25,0.072,0.116,0.23
stress,agent_speed=2,agent_speed,2,2.0,ppo_s0,gt,60,33,0.55,0.4249,0.6691,0,7,18,0,2,9.6,0.0,0.0,0.22
stress,agent_speed=2,agent_speed,2,2.0,ppo_s0,mcl,60,31,0.5167,0.3931,0.6382,0,9,19,0,1,9.9,0.074,0.125,0.22
stress,agent_speed=2,agent_speed,2,2.0,ppo_s1,gt,60,32,0.5333,0.4089,0.6537,0,6,20,0,2,10.83,0.0,0.0,0.22
stress,agent_speed=2,agent_speed,2,2.0,ppo_s1,mcl,60,31,0.5167,0.3931,0.6382,0,12,16,0,1,10.9,0.086,0.117,0.23
stress,agent_speed=2,agent_speed,2,2.0,ppo_s2,gt,60,28,0.4667,0.3463,0.5911,0,6,23,0,3,11.23,0.0,0.0,0.22
stress,agent_speed=2,agent_speed,2,2.0,ppo_s2,mcl,60,30,0.5,0.3774,0.6226,1,7,21,0,1,11.96,0.093,0.106,0.22
stress,agent_speed=2.5,agent_speed,3,2.5,dwa,gt,60,33,0.55,0.4249,0.6691,0,2,21,4,0,18.93,0.0,0.0,11.64
stress,agent_speed=2.5,agent_speed,3,2.5,dwa,mcl,60,33,0.55,0.4249,0.6691,0,3,23,1,0,18.96,0.08,0.119,11.61
stress,agent_speed=2.5,agent_speed,3,2.5,mppi,gt,60,32,0.5333,0.4089,0.6537,0,0,19,9,0,17.88,0.0,0.0,17.41
stress,agent_speed=2.5,agent_speed,3,2.5,mppi,mcl,60,36,0.6,0.4737,0.7143,1,0,15,8,0,16.32,0.107,0.093,17.57
stress,agent_speed=2.5,agent_speed,3,2.5,pp,gt,60,21,0.35,0.2417,0.4764,0,7,32,0,0,11.9,0.0,0.0,0.53
stress,agent_speed=2.5,agent_speed,3,2.5,pp,mcl,60,21,0.35,0.2417,0.4764,0,6,33,0,0,11.91,0.063,0.095,0.47
stress,agent_speed=2.5,agent_speed,3,2.5,pp_stop,gt,60,33,0.55,0.4249,0.6691,0,0,23,0,4,15.15,0.0,0.0,0.52
stress,agent_speed=2.5,agent_speed,3,2.5,pp_stop,mcl,60,28,0.4667,0.3463,0.5911,0,0,29,0,3,14.01,0.077,0.098,0.49
stress,agent_speed=2.5,agent_speed,3,2.5,ppo,gt,60,27,0.45,0.3309,0.5751,0,8,23,0,2,10.78,0.0,0.0,0.22
stress,agent_speed=2.5,agent_speed,3,2.5,ppo,mcl,60,27,0.45,0.3309,0.5751,0,9,21,0,3,10.82,0.085,0.115,0.22
stress,agent_speed=2.5,agent_speed,3,2.5,ppo2,gt,60,23,0.3833,0.2709,0.5098,0,3,26,3,5,17.83,0.0,0.0,0.36
stress,agent_speed=2.5,agent_speed,3,2.5,ppo2,mcl,60,25,0.4167,0.3006,0.5427,0,1,25,3,6,18.65,0.076,0.101,0.37
stress,agent_speed=2.5,agent_speed,3,2.5,ppo2_s0,gt,60,26,0.4333,0.3157,0.559,0,5,21,2,6,17.41,0.0,0.0,0.36
stress,agent_speed=2.5,agent_speed,3,2.5,ppo2_s0,mcl,60,29,0.4833,0.3618,0.6069,1,2,21,0,7,19.52,0.082,0.087,0.36
stress,agent_speed=2.5,agent_speed,3,2.5,ppo2_s1,gt,60,23,0.3833,0.2709,0.5098,0,3,26,3,5,17.83,0.0,0.0,0.36
stress,agent_speed=2.5,agent_speed,3,2.5,ppo2_s1,mcl,60,25,0.4167,0.3006,0.5427,0,1,25,3,6,18.65,0.076,0.101,0.37
stress,agent_speed=2.5,agent_speed,3,2.5,ppo2_s2,gt,60,29,0.4833,0.3618,0.6069,0,2,20,3,6,18.86,0.0,0.0,0.36
stress,agent_speed=2.5,agent_speed,3,2.5,ppo2_s2,mcl,60,33,0.55,0.4249,0.6691,0,1,20,2,4,20.9,0.065,0.097,0.36
stress,agent_speed=2.5,agent_speed,3,2.5,ppo2nv,gt,60,26,0.4333,0.3157,0.559,0,2,28,0,4,20.04,0.0,0.0,0.22
stress,agent_speed=2.5,agent_speed,3,2.5,ppo2nv,mcl,60,28,0.4667,0.3463,0.5911,0,2,27,0,3,18.81,0.064,0.105,0.23
stress,agent_speed=2.5,agent_speed,3,2.5,ppo2nv_s0,gt,60,21,0.35,0.2417,0.4764,0,6,29,0,4,18.84,0.0,0.0,0.22
stress,agent_speed=2.5,agent_speed,3,2.5,ppo2nv_s0,mcl,60,21,0.35,0.2417,0.4764,0,8,28,0,3,15.16,0.067,0.104,0.22
stress,agent_speed=2.5,agent_speed,3,2.5,ppo2nv_s1,gt,60,0,0.0,0.0,0.0602,0,1,4,0,55,,0.0,0.0,0.22
stress,agent_speed=2.5,agent_speed,3,2.5,ppo2nv_s1,mcl,60,0,0.0,0.0,0.0602,0,0,4,0,56,,0.039,0.051,0.22
stress,agent_speed=2.5,agent_speed,3,2.5,ppo2nv_s2,gt,60,26,0.4333,0.3157,0.559,0,2,28,0,4,20.04,0.0,0.0,0.22
stress,agent_speed=2.5,agent_speed,3,2.5,ppo2nv_s2,mcl,60,28,0.4667,0.3463,0.5911,0,2,27,0,3,18.81,0.064,0.105,0.23
stress,agent_speed=2.5,agent_speed,3,2.5,ppo_s0,gt,60,30,0.5,0.3774,0.6226,0,9,20,0,1,10.1,0.0,0.0,0.22
stress,agent_speed=2.5,agent_speed,3,2.5,ppo_s0,mcl,60,29,0.4833,0.3618,0.6069,0,10,20,0,1,10.68,0.074,0.126,0.22
stress,agent_speed=2.5,agent_speed,3,2.5,ppo_s1,gt,60,27,0.45,0.3309,0.5751,0,8,23,0,2,10.78,0.0,0.0,0.22
stress,agent_speed=2.5,agent_speed,3,2.5,ppo_s1,mcl,60,27,0.45,0.3309,0.5751,0,9,21,0,3,10.82,0.085,0.115,0.22
stress,agent_speed=2.5,agent_speed,3,2.5,ppo_s2,gt,60,22,0.3667,0.2562,0.4932,0,6,30,0,2,12.22,0.0,0.0,0.22
stress,agent_speed=2.5,agent_speed,3,2.5,ppo_s2,mcl,60,24,0.4,0.2857,0.5263,1,8,26,0,1,12.26,0.084,0.103,0.22
stress,agent_speed=3,agent_speed,4,3.0,dwa,gt,60,28,0.4667,0.3463,0.5911,0,5,23,4,0,16.42,0.0,0.0,14.27
stress,agent_speed=3,agent_speed,4,3.0,dwa,mcl,60,33,0.55,0.4249,0.6691,1,1,23,2,0,18.09,0.085,0.11,14.05
stress,agent_speed=3,agent_speed,4,3.0,mppi,gt,60,36,0.6,0.4737,0.7143,0,0,17,7,0,18.16,0.0,0.0,17.7
stress,agent_speed=3,agent_speed,4,3.0,mppi,mcl,60,36,0.6,0.4737,0.7143,1,0,17,6,0,17.68,0.102,0.099,17.91
stress,agent_speed=3,agent_speed,4,3.0,pp,gt,60,23,0.3833,0.2709,0.5098,0,7,30,0,0,12.0,0.0,0.0,0.47
stress,agent_speed=3,agent_speed,4,3.0,pp,mcl,60,23,0.3833,0.2709,0.5098,0,6,31,0,0,12.05,0.063,0.104,0.42
stress,agent_speed=3,agent_speed,4,3.0,pp_stop,gt,60,33,0.55,0.4249,0.6691,0,0,22,1,4,14.37,0.0,0.0,0.64
stress,agent_speed=3,agent_speed,4,3.0,pp_stop,mcl,60,33,0.55,0.4249,0.6691,0,0,24,0,3,13.96,0.073,0.104,0.68
stress,agent_speed=3,agent_speed,4,3.0,ppo,gt,60,25,0.4167,0.3006,0.5427,0,6,27,0,2,10.37,0.0,0.0,0.22
stress,agent_speed=3,agent_speed,4,3.0,ppo,mcl,60,25,0.4167,0.3006,0.5427,0,8,23,0,4,12.63,0.072,0.099,0.23
stress,agent_speed=3,agent_speed,4,3.0,ppo2,gt,60,27,0.45,0.3309,0.5751,0,3,20,3,7,17.53,0.0,0.0,0.36
stress,agent_speed=3,agent_speed,4,3.0,ppo2,mcl,60,30,0.5,0.3774,0.6226,0,3,20,1,6,18.91,0.075,0.108,0.37
stress,agent_speed=3,agent_speed,4,3.0,ppo2_s0,gt,60,29,0.4833,0.3618,0.6069,0,3,19,2,7,19.47,0.0,0.0,0.37
stress,agent_speed=3,agent_speed,4,3.0,ppo2_s0,mcl,60,28,0.4667,0.3463,0.5911,1,4,18,2,7,19.99,0.081,0.093,0.37
stress,agent_speed=3,agent_speed,4,3.0,ppo2_s1,gt,60,27,0.45,0.3309,0.5751,0,3,20,3,7,17.53,0.0,0.0,0.36
stress,agent_speed=3,agent_speed,4,3.0,ppo2_s1,mcl,60,30,0.5,0.3774,0.6226,0,3,20,1,6,18.91,0.075,0.108,0.37
stress,agent_speed=3,agent_speed,4,3.0,ppo2_s2,gt,60,32,0.5333,0.4089,0.6537,0,2,21,2,3,18.8,0.0,0.0,0.36
stress,agent_speed=3,agent_speed,4,3.0,ppo2_s2,mcl,60,32,0.5333,0.4089,0.6537,0,2,18,3,5,19.71,0.07,0.093,0.36
stress,agent_speed=3,agent_speed,4,3.0,ppo2nv,gt,60,28,0.4667,0.3463,0.5911,0,2,26,0,4,18.8,0.0,0.0,0.22
stress,agent_speed=3,agent_speed,4,3.0,ppo2nv,mcl,60,25,0.4167,0.3006,0.5427,0,3,27,1,4,17.16,0.068,0.105,0.22
stress,agent_speed=3,agent_speed,4,3.0,ppo2nv_s0,gt,60,24,0.4,0.2857,0.5263,0,5,20,1,10,16.07,0.0,0.0,0.22
stress,agent_speed=3,agent_speed,4,3.0,ppo2nv_s0,mcl,60,23,0.3833,0.2709,0.5098,0,9,23,0,5,14.36,0.069,0.099,0.22
stress,agent_speed=3,agent_speed,4,3.0,ppo2nv_s1,gt,60,0,0.0,0.0,0.0602,0,1,5,0,54,,0.0,0.0,0.22
stress,agent_speed=3,agent_speed,4,3.0,ppo2nv_s1,mcl,60,0,0.0,0.0,0.0602,0,0,5,0,55,,0.039,0.046,0.23
stress,agent_speed=3,agent_speed,4,3.0,ppo2nv_s2,gt,60,28,0.4667,0.3463,0.5911,0,2,26,0,4,18.8,0.0,0.0,0.22
stress,agent_speed=3,agent_speed,4,3.0,ppo2nv_s2,mcl,60,25,0.4167,0.3006,0.5427,0,3,27,1,4,17.16,0.068,0.105,0.22
stress,agent_speed=3,agent_speed,4,3.0,ppo_s0,gt,60,22,0.3667,0.2562,0.4932,0,10,27,0,1,9.67,0.0,0.0,0.21
stress,agent_speed=3,agent_speed,4,3.0,ppo_s0,mcl,60,23,0.3833,0.2709,0.5098,0,8,28,0,1,9.82,0.07,0.125,0.22
stress,agent_speed=3,agent_speed,4,3.0,ppo_s1,gt,60,25,0.4167,0.3006,0.5427,0,6,27,0,2,10.37,0.0,0.0,0.22
stress,agent_speed=3,agent_speed,4,3.0,ppo_s1,mcl,60,25,0.4167,0.3006,0.5427,0,8,23,0,4,12.63,0.072,0.099,0.23
stress,agent_speed=3,agent_speed,4,3.0,ppo_s2,gt,60,20,0.3333,0.2273,0.4594,0,4,35,0,1,13.01,0.0,0.0,0.21
stress,agent_speed=3,agent_speed,4,3.0,ppo_s2,mcl,60,23,0.3833,0.2709,0.5098,0,7,29,0,1,14.41,0.079,0.099,0.21
stress,gyro_bias=0.03,gyro_bias,1,0.03,dwa,mcl,60,41,0.6833,0.5577,0.7869,0,2,8,8,1,16.09,0.094,0.144,11.64
stress,gyro_bias=0.03,gyro_bias,1,0.03,mppi,mcl,60,42,0.7,0.5749,0.801,0,0,9,9,0,16.03,0.088,0.134,17.94
stress,gyro_bias=0.03,gyro_bias,1,0.03,pp,mcl,60,32,0.5333,0.4089,0.6537,0,7,21,0,0,11.51,0.082,0.116,0.23
stress,gyro_bias=0.03,gyro_bias,1,0.03,pp_stop,mcl,60,43,0.7167,0.5923,0.8149,0,1,14,0,2,13.55,0.096,0.152,0.33
stress,gyro_bias=0.03,gyro_bias,1,0.03,ppo,mcl,60,36,0.6,0.4737,0.7143,0,11,9,2,2,10.29,0.09,0.131,0.23
stress,gyro_bias=0.03,gyro_bias,1,0.03,ppo2,mcl,60,29,0.4833,0.3618,0.6069,0,6,20,3,2,24.42,0.089,0.113,0.38
stress,gyro_bias=0.03,gyro_bias,1,0.03,ppo2_s0,mcl,60,32,0.5333,0.4089,0.6537,0,4,19,1,4,20.47,0.088,0.113,0.38
stress,gyro_bias=0.03,gyro_bias,1,0.03,ppo2_s1,mcl,60,29,0.4833,0.3618,0.6069,0,6,20,3,2,24.42,0.089,0.113,0.38
stress,gyro_bias=0.03,gyro_bias,1,0.03,ppo2_s2,mcl,60,36,0.6,0.4737,0.7143,0,1,18,0,5,20.12,0.085,0.122,0.38
stress,gyro_bias=0.03,gyro_bias,1,0.03,ppo2nv,mcl,60,39,0.65,0.5236,0.7583,0,3,16,0,2,17.02,0.076,0.112,0.23
stress,gyro_bias=0.03,gyro_bias,1,0.03,ppo2nv_s0,mcl,60,32,0.5333,0.4089,0.6537,1,3,17,2,5,16.64,0.121,0.119,0.23
stress,gyro_bias=0.03,gyro_bias,1,0.03,ppo2nv_s1,mcl,60,0,0.0,0.0,0.0602,0,0,0,0,60,,0.042,0.059,0.24
stress,gyro_bias=0.03,gyro_bias,1,0.03,ppo2nv_s2,mcl,60,39,0.65,0.5236,0.7583,0,3,16,0,2,17.02,0.076,0.112,0.23
stress,gyro_bias=0.03,gyro_bias,1,0.03,ppo_s0,mcl,60,43,0.7167,0.5923,0.8149,0,6,9,0,2,9.82,0.088,0.15,0.23
stress,gyro_bias=0.03,gyro_bias,1,0.03,ppo_s1,mcl,60,36,0.6,0.4737,0.7143,0,11,9,2,2,10.29,0.09,0.131,0.23
stress,gyro_bias=0.03,gyro_bias,1,0.03,ppo_s2,mcl,60,34,0.5667,0.441,0.6843,0,8,15,0,3,11.43,0.086,0.139,0.23
stress,gyro_bias=0.06,gyro_bias,2,0.06,dwa,mcl,60,37,0.6167,0.4902,0.7291,0,0,7,14,2,15.06,0.103,0.131,11.63
stress,gyro_bias=0.06,gyro_bias,2,0.06,mppi,mcl,60,35,0.5833,0.4573,0.6994,1,0,9,15,0,17.03,0.107,0.139,17.72
stress,gyro_bias=0.06,gyro_bias,2,0.06,pp,mcl,60,32,0.5333,0.4089,0.6537,0,7,21,0,0,11.51,0.089,0.137,0.23
stress,gyro_bias=0.06,gyro_bias,2,0.06,pp_stop,mcl,60,42,0.7,0.5749,0.801,0,1,14,0,3,13.36,0.105,0.152,0.33
stress,gyro_bias=0.06,gyro_bias,2,0.06,ppo,mcl,60,38,0.6333,0.5068,0.7438,0,10,10,0,2,10.82,0.091,0.141,0.23
stress,gyro_bias=0.06,gyro_bias,2,0.06,ppo2,mcl,60,29,0.4833,0.3618,0.6069,0,3,21,3,4,21.58,0.106,0.123,0.38
stress,gyro_bias=0.06,gyro_bias,2,0.06,ppo2_s0,mcl,60,29,0.4833,0.3618,0.6069,0,2,23,2,4,19.07,0.095,0.135,0.38
stress,gyro_bias=0.06,gyro_bias,2,0.06,ppo2_s1,mcl,60,29,0.4833,0.3618,0.6069,0,3,21,3,4,21.58,0.106,0.123,0.38
stress,gyro_bias=0.06,gyro_bias,2,0.06,ppo2_s2,mcl,60,36,0.6,0.4737,0.7143,0,1,16,1,6,20.6,0.099,0.13,0.38
stress,gyro_bias=0.06,gyro_bias,2,0.06,ppo2nv,mcl,60,37,0.6167,0.4902,0.7291,0,4,17,0,2,16.75,0.09,0.126,0.27
stress,gyro_bias=0.06,gyro_bias,2,0.06,ppo2nv_s0,mcl,60,31,0.5167,0.3931,0.6382,0,5,17,3,4,16.44,0.1,0.128,0.27
stress,gyro_bias=0.06,gyro_bias,2,0.06,ppo2nv_s1,mcl,60,0,0.0,0.0,0.0602,0,0,0,0,60,,0.046,0.069,0.24
stress,gyro_bias=0.06,gyro_bias,2,0.06,ppo2nv_s2,mcl,60,37,0.6167,0.4902,0.7291,0,4,17,0,2,16.75,0.09,0.126,0.27
stress,gyro_bias=0.06,gyro_bias,2,0.06,ppo_s0,mcl,60,42,0.7,0.5749,0.801,0,7,9,1,1,9.91,0.088,0.15,0.23
stress,gyro_bias=0.06,gyro_bias,2,0.06,ppo_s1,mcl,60,38,0.6333,0.5068,0.7438,0,10,10,0,2,10.82,0.091,0.141,0.23
stress,gyro_bias=0.06,gyro_bias,2,0.06,ppo_s2,mcl,60,37,0.6167,0.4902,0.7291,0,7,13,0,3,11.96,0.097,0.143,0.24
stress,gyro_bias=0.1,gyro_bias,3,0.1,dwa,mcl,60,40,0.6667,0.5406,0.7727,0,2,5,11,2,16.12,0.107,0.156,11.4
stress,gyro_bias=0.1,gyro_bias,3,0.1,mppi,mcl,60,40,0.6667,0.5406,0.7727,0,0,9,11,0,17.08,0.107,0.159,18.18
stress,gyro_bias=0.1,gyro_bias,3,0.1,pp,mcl,60,33,0.55,0.4249,0.6691,0,8,19,0,0,11.49,0.093,0.152,0.23
stress,gyro_bias=0.1,gyro_bias,3,0.1,pp_stop,mcl,60,40,0.6667,0.5406,0.7727,0,1,16,0,3,12.74,0.105,0.173,0.33
stress,gyro_bias=0.1,gyro_bias,3,0.1,ppo,mcl,60,38,0.6333,0.5068,0.7438,0,9,10,2,1,11.27,0.097,0.152,0.24
stress,gyro_bias=0.1,gyro_bias,3,0.1,ppo2,mcl,60,28,0.4667,0.3463,0.5911,0,3,19,4,6,20.88,0.102,0.125,0.38
stress,gyro_bias=0.1,gyro_bias,3,0.1,ppo2_s0,mcl,60,31,0.5167,0.3931,0.6382,0,8,13,1,7,18.91,0.106,0.158,0.38
stress,gyro_bias=0.1,gyro_bias,3,0.1,ppo2_s1,mcl,60,28,0.4667,0.3463,0.5911,0,3,19,4,6,20.88,0.102,0.125,0.38
stress,gyro_bias=0.1,gyro_bias,3,0.1,ppo2_s2,mcl,60,33,0.55,0.4249,0.6691,0,3,20,2,2,19.3,0.103,0.159,0.38
stress,gyro_bias=0.1,gyro_bias,3,0.1,ppo2nv,mcl,60,38,0.6333,0.5068,0.7438,0,4,16,0,2,16.01,0.096,0.132,0.24
stress,gyro_bias=0.1,gyro_bias,3,0.1,ppo2nv_s0,mcl,60,31,0.5167,0.3931,0.6382,0,8,11,2,8,15.61,0.108,0.155,0.23
stress,gyro_bias=0.1,gyro_bias,3,0.1,ppo2nv_s1,mcl,60,0,0.0,0.0,0.0602,0,0,0,0,60,,0.055,0.082,0.23
stress,gyro_bias=0.1,gyro_bias,3,0.1,ppo2nv_s2,mcl,60,38,0.6333,0.5068,0.7438,0,4,16,0,2,16.01,0.096,0.132,0.24
stress,gyro_bias=0.1,gyro_bias,3,0.1,ppo_s0,mcl,60,42,0.7,0.5749,0.801,0,6,10,0,2,9.88,0.099,0.169,0.25
stress,gyro_bias=0.1,gyro_bias,3,0.1,ppo_s1,mcl,60,38,0.6333,0.5068,0.7438,0,9,10,2,1,11.27,0.097,0.152,0.24
stress,gyro_bias=0.1,gyro_bias,3,0.1,ppo_s2,mcl,60,36,0.6,0.4737,0.7143,0,5,14,0,5,11.15,0.106,0.16,0.23
stress,gyro_bias=0.15,gyro_bias,4,0.15,dwa,mcl,60,40,0.6667,0.5406,0.7727,0,0,4,13,3,15.63,0.121,0.181,11.38
stress,gyro_bias=0.15,gyro_bias,4,0.15,mppi,mcl,60,35,0.5833,0.4573,0.6994,0,0,12,13,0,15.89,0.113,0.198,18.02
stress,gyro_bias=0.15,gyro_bias,4,0.15,pp,mcl,60,33,0.55,0.4249,0.6691,0,8,19,0,0,11.5,0.109,0.189,0.26
stress,gyro_bias=0.15,gyro_bias,4,0.15,pp_stop,mcl,60,40,0.6667,0.5406,0.7727,1,1,14,0,4,13.39,0.125,0.216,0.33
stress,gyro_bias=0.15,gyro_bias,4,0.15,ppo,mcl,60,38,0.6333,0.5068,0.7438,0,8,12,1,1,11.03,0.114,0.173,0.23
stress,gyro_bias=0.15,gyro_bias,4,0.15,ppo2,mcl,60,24,0.4,0.2857,0.5263,0,2,27,3,4,19.96,0.117,0.19,0.38
stress,gyro_bias=0.15,gyro_bias,4,0.15,ppo2_s0,mcl,60,29,0.4833,0.3618,0.6069,0,3,20,4,4,18.03,0.122,0.169,0.38
stress,gyro_bias=0.15,gyro_bias,4,0.15,ppo2_s1,mcl,60,24,0.4,0.2857,0.5263,0,2,27,3,4,19.96,0.117,0.19,0.38
stress,gyro_bias=0.15,gyro_bias,4,0.15,ppo2_s2,mcl,60,32,0.5333,0.4089,0.6537,0,3,21,0,4,20.08,0.117,0.171,0.38
stress,gyro_bias=0.15,gyro_bias,4,0.15,ppo2nv,mcl,60,36,0.6,0.4737,0.7143,0,6,15,0,3,15.18,0.104,0.163,0.32
stress,gyro_bias=0.15,gyro_bias,4,0.15,ppo2nv_s0,mcl,60,38,0.6333,0.5068,0.7438,0,4,11,1,6,16.7,0.119,0.152,0.31
stress,gyro_bias=0.15,gyro_bias,4,0.15,ppo2nv_s1,mcl,60,0,0.0,0.0,0.0602,0,0,0,0,60,,0.071,0.118,0.32
stress,gyro_bias=0.15,gyro_bias,4,0.15,ppo2nv_s2,mcl,60,36,0.6,0.4737,0.7143,0,6,15,0,3,15.18,0.104,0.163,0.32
stress,gyro_bias=0.15,gyro_bias,4,0.15,ppo_s0,mcl,60,41,0.6833,0.5577,0.7869,0,6,11,0,2,10.48,0.12,0.202,0.23
stress,gyro_bias=0.15,gyro_bias,4,0.15,ppo_s1,mcl,60,38,0.6333,0.5068,0.7438,0,8,12,1,1,11.03,0.114,0.173,0.23
stress,gyro_bias=0.15,gyro_bias,4,0.15,ppo_s2,mcl,60,35,0.5833,0.4573,0.6994,0,8,13,0,4,11.26,0.114,0.184,0.23
stress,hidden_density=10,hidden_density,4,10.0,dwa,gt,60,39,0.65,0.5236,0.7583,0,1,8,10,2,16.02,0.0,0.0,15.46
stress,hidden_density=10,hidden_density,4,10.0,dwa,mcl,60,38,0.6333,0.5068,0.7438,0,6,7,8,1,15.86,0.131,0.175,16.25
stress,hidden_density=10,hidden_density,4,10.0,mppi,gt,60,39,0.65,0.5236,0.7583,0,0,8,13,0,17.8,0.0,0.0,24.65
stress,hidden_density=10,hidden_density,4,10.0,mppi,mcl,60,38,0.6333,0.5068,0.7438,0,0,7,15,0,16.98,0.141,0.19,24.62
stress,hidden_density=10,hidden_density,4,10.0,pp,gt,60,23,0.3833,0.2709,0.5098,0,17,20,0,0,11.2,0.0,0.0,0.24
stress,hidden_density=10,hidden_density,4,10.0,pp,mcl,60,25,0.4167,0.3006,0.5427,0,17,18,0,0,11.19,0.103,0.164,0.26
stress,hidden_density=10,hidden_density,4,10.0,pp_stop,gt,60,36,0.6,0.4737,0.7143,0,2,12,0,10,13.22,0.0,0.0,0.46
stress,hidden_density=10,hidden_density,4,10.0,pp_stop,mcl,60,39,0.65,0.5236,0.7583,0,1,15,0,5,13.35,0.13,0.191,0.45
stress,hidden_density=10,hidden_density,4,10.0,ppo,gt,60,35,0.5833,0.4573,0.6994,0,10,12,0,3,11.45,0.0,0.0,0.23
stress,hidden_density=10,hidden_density,4,10.0,ppo,mcl,60,35,0.5833,0.4573,0.6994,0,11,13,0,1,12.09,0.118,0.178,0.24
stress,hidden_density=10,hidden_density,4,10.0,ppo2,gt,60,28,0.4667,0.3463,0.5911,0,5,16,2,9,20.49,0.0,0.0,0.41
stress,hidden_density=10,hidden_density,4,10.0,ppo2,mcl,60,22,0.3667,0.2562,0.4932,1,5,20,1,11,17.95,0.138,0.175,0.42
stress,hidden_density=10,hidden_density,4,10.0,ppo2_s0,gt,60,25,0.4167,0.3006,0.5427,0,4,22,1,8,18.19,0.0,0.0,0.41
stress,hidden_density=10,hidden_density,4,10.0,ppo2_s0,mcl,60,29,0.4833,0.3618,0.6069,1,4,20,2,4,20.52,0.14,0.15,0.42
stress,hidden_density=10,hidden_density,4,10.0,ppo2_s1,gt,60,28,0.4667,0.3463,0.5911,0,5,16,2,9,20.49,0.0,0.0,0.41
stress,hidden_density=10,hidden_density,4,10.0,ppo2_s1,mcl,60,22,0.3667,0.2562,0.4932,1,5,20,1,11,17.95,0.138,0.175,0.42
stress,hidden_density=10,hidden_density,4,10.0,ppo2_s2,gt,60,34,0.5667,0.441,0.6843,0,4,17,0,5,20.53,0.0,0.0,0.41
stress,hidden_density=10,hidden_density,4,10.0,ppo2_s2,mcl,60,32,0.5333,0.4089,0.6537,0,2,14,7,5,19.07,0.145,0.168,0.42
stress,hidden_density=10,hidden_density,4,10.0,ppo2nv,gt,60,29,0.4833,0.3618,0.6069,0,5,19,0,7,17.86,0.0,0.0,0.22
stress,hidden_density=10,hidden_density,4,10.0,ppo2nv,mcl,60,29,0.4833,0.3618,0.6069,0,9,16,0,6,15.9,0.12,0.156,0.23
stress,hidden_density=10,hidden_density,4,10.0,ppo2nv_s0,gt,60,26,0.4333,0.3157,0.559,0,8,15,1,10,14.64,0.0,0.0,0.22
stress,hidden_density=10,hidden_density,4,10.0,ppo2nv_s0,mcl,60,31,0.5167,0.3931,0.6382,0,6,16,0,7,13.9,0.131,0.201,0.22
stress,hidden_density=10,hidden_density,4,10.0,ppo2nv_s1,gt,60,0,0.0,0.0,0.0602,0,1,0,0,59,,0.0,0.0,0.22
stress,hidden_density=10,hidden_density,4,10.0,ppo2nv_s1,mcl,60,0,0.0,0.0,0.0602,0,0,0,0,60,,0.075,0.085,0.22
stress,hidden_density=10,hidden_density,4,10.0,ppo2nv_s2,gt,60,29,0.4833,0.3618,0.6069,0,5,19,0,7,17.86,0.0,0.0,0.22
stress,hidden_density=10,hidden_density,4,10.0,ppo2nv_s2,mcl,60,29,0.4833,0.3618,0.6069,0,9,16,0,6,15.9,0.12,0.156,0.23
stress,hidden_density=10,hidden_density,4,10.0,ppo_s0,gt,60,37,0.6167,0.4902,0.7291,0,11,10,0,2,10.06,0.0,0.0,0.25
stress,hidden_density=10,hidden_density,4,10.0,ppo_s0,mcl,60,37,0.6167,0.4902,0.7291,0,11,11,0,1,9.87,0.117,0.177,0.25
stress,hidden_density=10,hidden_density,4,10.0,ppo_s1,gt,60,35,0.5833,0.4573,0.6994,0,10,12,0,3,11.45,0.0,0.0,0.23
stress,hidden_density=10,hidden_density,4,10.0,ppo_s1,mcl,60,35,0.5833,0.4573,0.6994,0,11,13,0,1,12.09,0.118,0.178,0.24
stress,hidden_density=10,hidden_density,4,10.0,ppo_s2,gt,60,26,0.4333,0.3157,0.559,0,7,21,0,6,11.64,0.0,0.0,0.25
stress,hidden_density=10,hidden_density,4,10.0,ppo_s2,mcl,60,25,0.4167,0.3006,0.5427,0,9,20,0,6,9.84,0.116,0.157,0.25
stress,hidden_density=2,hidden_density,1,2.0,dwa,gt,60,39,0.65,0.5236,0.7583,0,2,7,10,2,15.44,0.0,0.0,13.83
stress,hidden_density=2,hidden_density,1,2.0,dwa,mcl,60,42,0.7,0.5749,0.801,1,2,7,7,1,15.93,0.119,0.157,13.73
stress,hidden_density=2,hidden_density,1,2.0,mppi,gt,60,39,0.65,0.5236,0.7583,0,0,7,14,0,17.35,0.0,0.0,34.12
stress,hidden_density=2,hidden_density,1,2.0,mppi,mcl,60,36,0.6,0.4737,0.7143,0,0,11,12,1,15.61,0.102,0.159,34.46
stress,hidden_density=2,hidden_density,1,2.0,pp,gt,60,27,0.45,0.3309,0.5751,0,13,20,0,0,11.47,0.0,0.0,0.29
stress,hidden_density=2,hidden_density,1,2.0,pp,mcl,60,28,0.4667,0.3463,0.5911,0,12,20,0,0,11.47,0.077,0.131,0.28
stress,hidden_density=2,hidden_density,1,2.0,pp_stop,gt,60,39,0.65,0.5236,0.7583,0,1,11,0,9,13.23,0.0,0.0,0.43
stress,hidden_density=2,hidden_density,1,2.0,pp_stop,mcl,60,42,0.7,0.5749,0.801,0,0,10,0,8,13.67,0.105,0.145,0.46
stress,hidden_density=2,hidden_density,1,2.0,ppo,gt,60,35,0.5833,0.4573,0.6994,0,11,10,0,4,11.17,0.0,0.0,0.21
stress,hidden_density=2,hidden_density,1,2.0,ppo,mcl,60,34,0.5667,0.441,0.6843,0,11,11,0,4,11.51,0.099,0.145,0.21
stress,hidden_density=2,hidden_density,1,2.0,ppo2,gt,60,28,0.4667,0.3463,0.5911,0,5,18,2,7,19.31,0.0,0.0,0.38
stress,hidden_density=2,hidden_density,1,2.0,ppo2,mcl,60,25,0.4167,0.3006,0.5427,1,2,24,2,6,18.78,0.108,0.136,0.39
stress,hidden_density=2,hidden_density,1,2.0,ppo2_s0,gt,60,27,0.45,0.3309,0.5751,0,5,19,3,6,18.56,0.0,0.0,0.38
stress,hidden_density=2,hidden_density,1,2.0,ppo2_s0,mcl,60,30,0.5,0.3774,0.6226,0,6,19,0,5,19.96,0.1,0.127,0.39
stress,hidden_density=2,hidden_density,1,2.0,ppo2_s1,gt,60,28,0.4667,0.3463,0.5911,0,5,18,2,7,19.31,0.0,0.0,0.38
stress,hidden_density=2,hidden_density,1,2.0,ppo2_s1,mcl,60,25,0.4167,0.3006,0.5427,1,2,24,2,6,18.78,0.108,0.136,0.39
stress,hidden_density=2,hidden_density,1,2.0,ppo2_s2,gt,60,31,0.5167,0.3931,0.6382,0,6,14,0,9,18.53,0.0,0.0,0.38
stress,hidden_density=2,hidden_density,1,2.0,ppo2_s2,mcl,60,32,0.5333,0.4089,0.6537,0,1,18,3,6,18.54,0.102,0.149,0.39
stress,hidden_density=2,hidden_density,1,2.0,ppo2nv,gt,60,32,0.5333,0.4089,0.6537,0,4,17,1,6,18.77,0.0,0.0,0.22
stress,hidden_density=2,hidden_density,1,2.0,ppo2nv,mcl,60,32,0.5333,0.4089,0.6537,0,7,16,0,5,16.97,0.083,0.128,0.22
stress,hidden_density=2,hidden_density,1,2.0,ppo2nv_s0,gt,60,28,0.4667,0.3463,0.5911,0,9,14,2,7,15.71,0.0,0.0,0.22
stress,hidden_density=2,hidden_density,1,2.0,ppo2nv_s0,mcl,60,27,0.45,0.3309,0.5751,0,6,14,1,12,12.78,0.097,0.131,0.22
stress,hidden_density=2,hidden_density,1,2.0,ppo2nv_s1,gt,60,0,0.0,0.0,0.0602,0,1,0,0,59,,0.0,0.0,0.22
stress,hidden_density=2,hidden_density,1,2.0,ppo2nv_s1,mcl,60,0,0.0,0.0,0.0602,0,0,0,0,60,,0.045,0.057,0.22
stress,hidden_density=2,hidden_density,1,2.0,ppo2nv_s2,gt,60,32,0.5333,0.4089,0.6537,0,4,17,1,6,18.77,0.0,0.0,0.22
stress,hidden_density=2,hidden_density,1,2.0,ppo2nv_s2,mcl,60,32,0.5333,0.4089,0.6537,0,7,16,0,5,16.97,0.083,0.128,0.22
stress,hidden_density=2,hidden_density,1,2.0,ppo_s0,gt,60,35,0.5833,0.4573,0.6994,0,12,10,0,3,9.64,0.0,0.0,0.22
stress,hidden_density=2,hidden_density,1,2.0,ppo_s0,mcl,60,39,0.65,0.5236,0.7583,0,8,11,0,2,9.62,0.091,0.142,0.21
stress,hidden_density=2,hidden_density,1,2.0,ppo_s1,gt,60,35,0.5833,0.4573,0.6994,0,11,10,0,4,11.17,0.0,0.0,0.21
stress,hidden_density=2,hidden_density,1,2.0,ppo_s1,mcl,60,34,0.5667,0.441,0.6843,0,11,11,0,4,11.51,0.099,0.145,0.21
stress,hidden_density=2,hidden_density,1,2.0,ppo_s2,gt,60,31,0.5167,0.3931,0.6382,0,4,19,0,6,11.02,0.0,0.0,0.22
stress,hidden_density=2,hidden_density,1,2.0,ppo_s2,mcl,60,31,0.5167,0.3931,0.6382,0,8,17,0,4,11.04,0.091,0.126,0.22
stress,hidden_density=4,hidden_density,2,4.0,dwa,gt,60,41,0.6833,0.5577,0.7869,0,1,7,9,2,16.91,0.0,0.0,15.2
stress,hidden_density=4,hidden_density,2,4.0,dwa,mcl,60,40,0.6667,0.5406,0.7727,0,4,6,7,3,16.93,0.123,0.169,15.34
stress,hidden_density=4,hidden_density,2,4.0,mppi,gt,60,39,0.65,0.5236,0.7583,0,0,6,15,0,17.35,0.0,0.0,24.67
stress,hidden_density=4,hidden_density,2,4.0,mppi,mcl,60,36,0.6,0.4737,0.7143,0,0,8,16,0,16.23,0.12,0.164,24.69
stress,hidden_density=4,hidden_density,2,4.0,pp,gt,60,23,0.3833,0.2709,0.5098,0,17,20,0,0,11.2,0.0,0.0,0.32
stress,hidden_density=4,hidden_density,2,4.0,pp,mcl,60,25,0.4167,0.3006,0.5427,0,17,18,0,0,11.19,0.086,0.138,0.3
stress,hidden_density=4,hidden_density,2,4.0,pp_stop,gt,60,37,0.6167,0.4902,0.7291,0,2,11,1,9,13.3,0.0,0.0,0.45
stress,hidden_density=4,hidden_density,2,4.0,pp_stop,mcl,60,41,0.6833,0.5577,0.7869,0,0,12,1,6,13.89,0.113,0.16,0.46
stress,hidden_density=4,hidden_density,2,4.0,ppo,gt,60,37,0.6167,0.4902,0.7291,0,8,10,0,5,11.59,0.0,0.0,0.22
stress,hidden_density=4,hidden_density,2,4.0,ppo,mcl,60,37,0.6167,0.4902,0.7291,0,9,10,1,3,11.94,0.109,0.146,0.22
stress,hidden_density=4,hidden_density,2,4.0,ppo2,gt,60,28,0.4667,0.3463,0.5911,0,4,18,2,8,19.16,0.0,0.0,0.4
stress,hidden_density=4,hidden_density,2,4.0,ppo2,mcl,60,24,0.4,0.2857,0.5263,1,3,20,2,10,18.7,0.119,0.132,0.4
stress,hidden_density=4,hidden_density,2,4.0,ppo2_s0,gt,60,25,0.4167,0.3006,0.5427,0,6,20,2,7,17.4,0.0,0.0,0.4
stress,hidden_density=4,hidden_density,2,4.0,ppo2_s0,mcl,60,29,0.4833,0.3618,0.6069,0,5,20,3,3,20.66,0.109,0.132,0.4
stress,hidden_density=4,hidden_density,2,4.0,ppo2_s1,gt,60,28,0.4667,0.3463,0.5911,0,4,18,2,8,19.16,0.0,0.0,0.4
stress,hidden_density=4,hidden_density,2,4.0,ppo2_s1,mcl,60,24,0.4,0.2857,0.5263,1,3,20,2,10,18.7,0.119,0.132,0.4
stress,hidden_density=4,hidden_density,2,4.0,ppo2_s2,gt,60,34,0.5667,0.441,0.6843,0,5,13,1,7,20.39,0.0,0.0,0.4
stress,hidden_density=4,hidden_density,2,4.0,ppo2_s2,mcl,60,33,0.55,0.4249,0.6691,0,3,15,5,4,20.63,0.108,0.152,0.4
stress,hidden_density=4,hidden_density,2,4.0,ppo2nv,gt,60,31,0.5167,0.3931,0.6382,0,4,18,0,7,17.56,0.0,0.0,0.22
stress,hidden_density=4,hidden_density,2,4.0,ppo2nv,mcl,60,29,0.4833,0.3618,0.6069,0,7,16,0,8,15.6,0.098,0.149,0.22
stress,hidden_density=4,hidden_density,2,4.0,ppo2nv_s0,gt,60,29,0.4833,0.3618,0.6069,0,7,13,1,10,14.84,0.0,0.0,0.22
stress,hidden_density=4,hidden_density,2,4.0,ppo2nv_s0,mcl,60,27,0.45,0.3309,0.5751,0,10,14,2,7,13.43,0.113,0.147,0.22
stress,hidden_density=4,hidden_density,2,4.0,ppo2nv_s1,gt,60,0,0.0,0.0,0.0602,0,1,0,0,59,,0.0,0.0,0.22
stress,hidden_density=4,hidden_density,2,4.0,ppo2nv_s1,mcl,60,0,0.0,0.0,0.0602,0,0,0,0,60,,0.06,0.082,0.23
stress,hidden_density=4,hidden_density,2,4.0,ppo2nv_s2,gt,60,31,0.5167,0.3931,0.6382,0,4,18,0,7,17.56,0.0,0.0,0.22
stress,hidden_density=4,hidden_density,2,4.0,ppo2nv_s2,mcl,60,29,0.4833,0.3618,0.6069,0,7,16,0,8,15.6,0.098,0.149,0.22
stress,hidden_density=4,hidden_density,2,4.0,ppo_s0,gt,60,38,0.6333,0.5068,0.7438,0,10,9,0,3,9.69,0.0,0.0,0.21
stress,hidden_density=4,hidden_density,2,4.0,ppo_s0,mcl,60,38,0.6333,0.5068,0.7438,0,11,9,0,2,10.1,0.1,0.151,0.22
stress,hidden_density=4,hidden_density,2,4.0,ppo_s1,gt,60,37,0.6167,0.4902,0.7291,0,8,10,0,5,11.59,0.0,0.0,0.22
stress,hidden_density=4,hidden_density,2,4.0,ppo_s1,mcl,60,37,0.6167,0.4902,0.7291,0,9,10,1,3,11.94,0.109,0.146,0.22
stress,hidden_density=4,hidden_density,2,4.0,ppo_s2,gt,60,28,0.4667,0.3463,0.5911,0,8,19,1,4,10.99,0.0,0.0,0.22
stress,hidden_density=4,hidden_density,2,4.0,ppo_s2,mcl,60,28,0.4667,0.3463,0.5911,0,8,19,1,4,10.67,0.104,0.133,0.22
stress,hidden_density=7,hidden_density,3,7.0,dwa,gt,60,39,0.65,0.5236,0.7583,0,1,8,10,2,16.02,0.0,0.0,15.98
stress,hidden_density=7,hidden_density,3,7.0,dwa,mcl,60,38,0.6333,0.5068,0.7438,0,6,7,8,1,15.87,0.13,0.175,16.04
stress,hidden_density=7,hidden_density,3,7.0,mppi,gt,60,39,0.65,0.5236,0.7583,0,0,8,13,0,17.8,0.0,0.0,24.94
stress,hidden_density=7,hidden_density,3,7.0,mppi,mcl,60,38,0.6333,0.5068,0.7438,0,0,7,15,0,17.0,0.138,0.184,24.27
stress,hidden_density=7,hidden_density,3,7.0,pp,gt,60,23,0.3833,0.2709,0.5098,0,17,20,0,0,11.2,0.0,0.0,0.33
stress,hidden_density=7,hidden_density,3,7.0,pp,mcl,60,25,0.4167,0.3006,0.5427,0,17,18,0,0,11.19,0.102,0.161,0.29
stress,hidden_density=7,hidden_density,3,7.0,pp_stop,gt,60,36,0.6,0.4737,0.7143,0,2,12,0,10,13.22,0.0,0.0,0.43
stress,hidden_density=7,hidden_density,3,7.0,pp_stop,mcl,60,39,0.65,0.5236,0.7583,0,1,14,0,6,13.35,0.127,0.186,0.44
stress,hidden_density=7,hidden_density,3,7.0,ppo,gt,60,35,0.5833,0.4573,0.6994,0,10,12,0,3,11.45,0.0,0.0,0.22
stress,hidden_density=7,hidden_density,3,7.0,ppo,mcl,60,35,0.5833,0.4573,0.6994,0,11,13,0,1,12.11,0.116,0.178,0.22
stress,hidden_density=7,hidden_density,3,7.0,ppo2,gt,60,27,0.45,0.3309,0.5751,0,6,16,2,9,20.04,0.0,0.0,0.42
stress,hidden_density=7,hidden_density,3,7.0,ppo2,mcl,60,22,0.3667,0.2562,0.4932,1,4,21,1,11,17.94,0.137,0.175,0.43
stress,hidden_density=7,hidden_density,3,7.0,ppo2_s0,gt,60,25,0.4167,0.3006,0.5427,0,4,21,1,9,18.19,0.0,0.0,0.42
stress,hidden_density=7,hidden_density,3,7.0,ppo2_s0,mcl,60,29,0.4833,0.3618,0.6069,1,3,21,2,4,20.52,0.139,0.15,0.42
stress,hidden_density=7,hidden_density,3,7.0,ppo2_s1,gt,60,27,0.45,0.3309,0.5751,0,6,16,2,9,20.04,0.0,0.0,0.42
stress,hidden_density=7,hidden_density,3,7.0,ppo2_s1,mcl,60,22,0.3667,0.2562,0.4932,1,4,21,1,11,17.94,0.137,0.175,0.43
stress,hidden_density=7,hidden_density,3,7.0,ppo2_s2,gt,60,33,0.55,0.4249,0.6691,0,4,18,0,5,20.26,0.0,0.0,0.42
stress,hidden_density=7,hidden_density,3,7.0,ppo2_s2,mcl,60,31,0.5167,0.3931,0.6382,0,2,15,7,5,18.72,0.144,0.168,0.43
stress,hidden_density=7,hidden_density,3,7.0,ppo2nv,gt,60,29,0.4833,0.3618,0.6069,0,5,19,0,7,17.86,0.0,0.0,0.22
stress,hidden_density=7,hidden_density,3,7.0,ppo2nv,mcl,60,29,0.4833,0.3618,0.6069,0,9,16,0,6,16.23,0.12,0.156,0.22
stress,hidden_density=7,hidden_density,3,7.0,ppo2nv_s0,gt,60,26,0.4333,0.3157,0.559,0,8,15,1,10,14.64,0.0,0.0,0.22
stress,hidden_density=7,hidden_density,3,7.0,ppo2nv_s0,mcl,60,31,0.5167,0.3931,0.6382,0,6,15,0,8,13.9,0.131,0.201,0.22
stress,hidden_density=7,hidden_density,3,7.0,ppo2nv_s1,gt,60,0,0.0,0.0,0.0602,0,1,0,0,59,,0.0,0.0,0.22
stress,hidden_density=7,hidden_density,3,7.0,ppo2nv_s1,mcl,60,0,0.0,0.0,0.0602,0,0,0,0,60,,0.073,0.085,0.23
stress,hidden_density=7,hidden_density,3,7.0,ppo2nv_s2,gt,60,29,0.4833,0.3618,0.6069,0,5,19,0,7,17.86,0.0,0.0,0.22
stress,hidden_density=7,hidden_density,3,7.0,ppo2nv_s2,mcl,60,29,0.4833,0.3618,0.6069,0,9,16,0,6,16.23,0.12,0.156,0.22
stress,hidden_density=7,hidden_density,3,7.0,ppo_s0,gt,60,37,0.6167,0.4902,0.7291,0,11,10,0,2,10.06,0.0,0.0,0.22
stress,hidden_density=7,hidden_density,3,7.0,ppo_s0,mcl,60,37,0.6167,0.4902,0.7291,0,11,11,0,1,9.87,0.115,0.173,0.21
stress,hidden_density=7,hidden_density,3,7.0,ppo_s1,gt,60,35,0.5833,0.4573,0.6994,0,10,12,0,3,11.45,0.0,0.0,0.22
stress,hidden_density=7,hidden_density,3,7.0,ppo_s1,mcl,60,35,0.5833,0.4573,0.6994,0,11,13,0,1,12.11,0.116,0.178,0.22
stress,hidden_density=7,hidden_density,3,7.0,ppo_s2,gt,60,27,0.45,0.3309,0.5751,0,7,20,0,6,12.06,0.0,0.0,0.21
stress,hidden_density=7,hidden_density,3,7.0,ppo_s2,mcl,60,26,0.4333,0.3157,0.559,0,8,20,0,6,10.3,0.115,0.157,0.22
stress,lidar_dropout=0.1,lidar_dropout,1,0.1,dwa,mcl,60,41,0.6833,0.5577,0.7869,0,1,3,12,3,14.83,0.088,0.112,15.53
stress,lidar_dropout=0.1,lidar_dropout,1,0.1,mppi,mcl,60,38,0.6333,0.5068,0.7438,0,0,10,12,0,17.47,0.091,0.119,21.58
stress,lidar_dropout=0.1,lidar_dropout,1,0.1,pp,mcl,60,31,0.5167,0.3931,0.6382,0,6,23,0,0,11.54,0.074,0.12,0.25
stress,lidar_dropout=0.1,lidar_dropout,1,0.1,pp_stop,mcl,60,39,0.65,0.5236,0.7583,0,1,15,0,5,13.08,0.087,0.14,0.48
stress,lidar_dropout=0.1,lidar_dropout,1,0.1,ppo,mcl,60,35,0.5833,0.4573,0.6994,0,11,13,0,1,9.88,0.088,0.146,0.23
stress,lidar_dropout=0.1,lidar_dropout,1,0.1,ppo2,mcl,60,26,0.4333,0.3157,0.559,0,7,19,2,6,22.67,0.087,0.107,0.38
stress,lidar_dropout=0.1,lidar_dropout,1,0.1,ppo2_s0,mcl,60,24,0.4,0.2857,0.5263,0,3,26,0,7,19.77,0.081,0.11,0.38
stress,lidar_dropout=0.1,lidar_dropout,1,0.1,ppo2_s1,mcl,60,26,0.4333,0.3157,0.559,0,7,19,2,6,22.67,0.087,0.107,0.38
stress,lidar_dropout=0.1,lidar_dropout,1,0.1,ppo2_s2,mcl,60,34,0.5667,0.441,0.6843,0,2,18,1,5,18.93,0.093,0.114,0.39
stress,lidar_dropout=0.1,lidar_dropout,1,0.1,ppo2nv,mcl,60,40,0.6667,0.5406,0.7727,0,1,16,0,3,16.84,0.077,0.121,0.34
stress,lidar_dropout=0.1,lidar_dropout,1,0.1,ppo2nv_s0,mcl,60,34,0.5667,0.441,0.6843,0,6,13,2,5,15.75,0.085,0.111,0.34
stress,lidar_dropout=0.1,lidar_dropout,1,0.1,ppo2nv_s1,mcl,60,0,0.0,0.0,0.0602,0,0,0,0,60,,0.04,0.056,0.34
stress,lidar_dropout=0.1,lidar_dropout,1,0.1,ppo2nv_s2,mcl,60,40,0.6667,0.5406,0.7727,0,1,16,0,3,16.84,0.077,0.121,0.34
stress,lidar_dropout=0.1,lidar_dropout,1,0.1,ppo_s0,mcl,60,44,0.7333,0.6099,0.8287,0,5,10,0,1,9.93,0.088,0.132,0.24
stress,lidar_dropout=0.1,lidar_dropout,1,0.1,ppo_s1,mcl,60,35,0.5833,0.4573,0.6994,0,11,13,0,1,9.88,0.088,0.146,0.23
stress,lidar_dropout=0.1,lidar_dropout,1,0.1,ppo_s2,mcl,60,35,0.5833,0.4573,0.6994,0,6,16,0,3,11.26,0.084,0.124,0.23
stress,lidar_dropout=0.2,lidar_dropout,2,0.2,dwa,mcl,60,38,0.6333,0.5068,0.7438,0,3,9,10,0,14.49,0.09,0.129,15.51
stress,lidar_dropout=0.2,lidar_dropout,2,0.2,mppi,mcl,60,40,0.6667,0.5406,0.7727,0,0,11,9,0,17.25,0.087,0.128,27.6
stress,lidar_dropout=0.2,lidar_dropout,2,0.2,pp,mcl,60,31,0.5167,0.3931,0.6382,0,6,23,0,0,11.54,0.074,0.121,0.24
stress,lidar_dropout=0.2,lidar_dropout,2,0.2,pp_stop,mcl,60,40,0.6667,0.5406,0.7727,0,1,16,1,2,14.1,0.088,0.142,0.49
stress,lidar_dropout=0.2,lidar_dropout,2,0.2,ppo,mcl,60,35,0.5833,0.4573,0.6994,0,12,11,1,1,10.68,0.087,0.145,0.24
stress,lidar_dropout=0.2,lidar_dropout,2,0.2,ppo2,mcl,60,26,0.4333,0.3157,0.559,0,3,19,5,7,15.4,0.074,0.106,0.37
stress,lidar_dropout=0.2,lidar_dropout,2,0.2,ppo2_s0,mcl,60,28,0.4667,0.3463,0.5911,0,6,17,4,5,16.24,0.081,0.104,0.38
stress,lidar_dropout=0.2,lidar_dropout,2,0.2,ppo2_s1,mcl,60,26,0.4333,0.3157,0.559,0,3,19,5,7,15.4,0.074,0.106,0.37
stress,lidar_dropout=0.2,lidar_dropout,2,0.2,ppo2_s2,mcl,60,36,0.6,0.4737,0.7143,0,1,18,0,5,20.73,0.088,0.106,0.37
stress,lidar_dropout=0.2,lidar_dropout,2,0.2,ppo2nv,mcl,60,40,0.6667,0.5406,0.7727,0,4,12,0,4,17.24,0.081,0.116,0.34
stress,lidar_dropout=0.2,lidar_dropout,2,0.2,ppo2nv_s0,mcl,60,36,0.6,0.4737,0.7143,0,6,10,3,5,15.29,0.09,0.112,0.33
stress,lidar_dropout=0.2,lidar_dropout,2,0.2,ppo2nv_s1,mcl,60,0,0.0,0.0,0.0602,0,0,0,0,60,,0.041,0.048,0.34
stress,lidar_dropout=0.2,lidar_dropout,2,0.2,ppo2nv_s2,mcl,60,40,0.6667,0.5406,0.7727,0,4,12,0,4,17.24,0.081,0.116,0.34
stress,lidar_dropout=0.2,lidar_dropout,2,0.2,ppo_s0,mcl,60,41,0.6833,0.5577,0.7869,0,9,8,0,2,9.44,0.09,0.148,0.23
stress,lidar_dropout=0.2,lidar_dropout,2,0.2,ppo_s1,mcl,60,35,0.5833,0.4573,0.6994,0,12,11,1,1,10.68,0.087,0.145,0.24
stress,lidar_dropout=0.2,lidar_dropout,2,0.2,ppo_s2,mcl,60,36,0.6,0.4737,0.7143,1,3,15,0,5,10.56,0.103,0.132,0.24
stress,lidar_dropout=0.35,lidar_dropout,3,0.35,dwa,mcl,60,40,0.6667,0.5406,0.7727,0,2,14,4,0,13.35,0.094,0.13,15.83
stress,lidar_dropout=0.35,lidar_dropout,3,0.35,mppi,mcl,60,33,0.55,0.4249,0.6691,0,0,13,14,0,17.61,0.083,0.119,26.24
stress,lidar_dropout=0.35,lidar_dropout,3,0.35,pp,mcl,60,32,0.5333,0.4089,0.6537,0,6,22,0,0,11.51,0.084,0.123,0.24
stress,lidar_dropout=0.35,lidar_dropout,3,0.35,pp_stop,mcl,60,34,0.5667,0.441,0.6843,0,2,21,0,3,12.61,0.088,0.131,0.45
stress,lidar_dropout=0.35,lidar_dropout,3,0.35,ppo,mcl,60,38,0.6333,0.5068,0.7438,0,9,10,0,3,10.18,0.091,0.151,0.22
stress,lidar_dropout=0.35,lidar_dropout,3,0.35,ppo2,mcl,60,31,0.5167,0.3931,0.6382,0,2,19,4,4,17.0,0.091,0.11,0.36
stress,lidar_dropout=0.35,lidar_dropout,3,0.35,ppo2_s0,mcl,60,34,0.5667,0.441,0.6843,0,5,17,0,4,18.72,0.085,0.12,0.36
stress,lidar_dropout=0.35,lidar_dropout,3,0.35,ppo2_s1,mcl,60,31,0.5167,0.3931,0.6382,0,2,19,4,4,17.0,0.091,0.11,0.36
stress,lidar_dropout=0.35,lidar_dropout,3,0.35,ppo2_s2,mcl,60,34,0.5667,0.441,0.6843,0,2,22,0,2,18.64,0.083,0.114,0.36
stress,lidar_dropout=0.35,lidar_dropout,3,0.35,ppo2nv,mcl,60,35,0.5833,0.4573,0.6994,0,3,20,1,1,17.12,0.079,0.118,0.3
stress,lidar_dropout=0.35,lidar_dropout,3,0.35,ppo2nv_s0,mcl,60,37,0.6167,0.4902,0.7291,0,5,14,0,4,16.31,0.095,0.118,0.29
stress,lidar_dropout=0.35,lidar_dropout,3,0.35,ppo2nv_s1,mcl,60,0,0.0,0.0,0.0602,0,1,0,0,59,,0.043,0.049,0.3
stress,lidar_dropout=0.35,lidar_dropout,3,0.35,ppo2nv_s2,mcl,60,35,0.5833,0.4573,0.6994,0,3,20,1,1,17.12,0.079,0.118,0.3
stress,lidar_dropout=0.35,lidar_dropout,3,0.35,ppo_s0,mcl,60,41,0.6833,0.5577,0.7869,0,7,9,0,3,9.41,0.094,0.156,0.22
stress,lidar_dropout=0.35,lidar_dropout,3,0.35,ppo_s1,mcl,60,38,0.6333,0.5068,0.7438,0,9,10,0,3,10.18,0.091,0.151,0.22
stress,lidar_dropout=0.35,lidar_dropout,3,0.35,ppo_s2,mcl,60,41,0.6833,0.5577,0.7869,0,2,15,0,2,12.45,0.097,0.146,0.22
stress,lidar_dropout=0.5,lidar_dropout,4,0.5,dwa,mcl,60,37,0.6167,0.4902,0.7291,0,3,20,0,0,13.83,0.096,0.16,16.81
stress,lidar_dropout=0.5,lidar_dropout,4,0.5,mppi,mcl,60,30,0.5,0.3774,0.6226,0,0,17,13,0,16.61,0.091,0.131,25.16
stress,lidar_dropout=0.5,lidar_dropout,4,0.5,pp,mcl,60,32,0.5333,0.4089,0.6537,0,7,21,0,0,11.51,0.091,0.155,0.25
stress,lidar_dropout=0.5,lidar_dropout,4,0.5,pp_stop,mcl,60,36,0.6,0.4737,0.7143,0,3,20,0,1,13.42,0.092,0.141,0.45
stress,lidar_dropout=0.5,lidar_dropout,4,0.5,ppo,mcl,60,40,0.6667,0.5406,0.7727,0,5,13,0,2,10.65,0.098,0.166,0.23
stress,lidar_dropout=0.5,lidar_dropout,4,0.5,ppo2,mcl,60,28,0.4667,0.3463,0.5911,1,7,20,2,2,15.71,0.095,0.132,0.36
stress,lidar_dropout=0.5,lidar_dropout,4,0.5,ppo2_s0,mcl,60,26,0.4333,0.3157,0.559,0,3,25,2,4,17.39,0.094,0.137,0.37
stress,lidar_dropout=0.5,lidar_dropout,4,0.5,ppo2_s1,mcl,60,28,0.4667,0.3463,0.5911,1,7,20,2,2,15.71,0.095,0.132,0.36
stress,lidar_dropout=0.5,lidar_dropout,4,0.5,ppo2_s2,mcl,60,34,0.5667,0.441,0.6843,0,2,21,0,3,19.25,0.09,0.124,0.36
stress,lidar_dropout=0.5,lidar_dropout,4,0.5,ppo2nv,mcl,60,34,0.5667,0.441,0.6843,0,6,18,1,1,15.2,0.08,0.131,0.23
stress,lidar_dropout=0.5,lidar_dropout,4,0.5,ppo2nv_s0,mcl,60,36,0.6,0.4737,0.7143,0,5,15,0,4,16.26,0.097,0.141,0.23
stress,lidar_dropout=0.5,lidar_dropout,4,0.5,ppo2nv_s1,mcl,60,0,0.0,0.0,0.0602,0,4,0,0,56,,0.052,0.056,0.23
stress,lidar_dropout=0.5,lidar_dropout,4,0.5,ppo2nv_s2,mcl,60,34,0.5667,0.441,0.6843,0,6,18,1,1,15.2,0.08,0.131,0.23
stress,lidar_dropout=0.5,lidar_dropout,4,0.5,ppo_s0,mcl,60,42,0.7,0.5749,0.801,0,9,7,0,2,9.69,0.094,0.165,0.23
stress,lidar_dropout=0.5,lidar_dropout,4,0.5,ppo_s1,mcl,60,40,0.6667,0.5406,0.7727,0,5,13,0,2,10.65,0.098,0.166,0.23
stress,lidar_dropout=0.5,lidar_dropout,4,0.5,ppo_s2,mcl,60,36,0.6,0.4737,0.7143,0,5,18,0,1,11.56,0.104,0.155,0.23
stress,lidar_short=0.1,lidar_short,1,0.1,dwa,gt,60,43,0.7167,0.5923,0.8149,0,1,6,9,1,16.54,0.0,0.0,11.22
stress,lidar_short=0.1,lidar_short,1,0.1,dwa,mcl,60,40,0.6667,0.5406,0.7727,1,3,6,9,1,16.79,0.132,0.157,11.21
stress,lidar_short=0.1,lidar_short,1,0.1,mppi,gt,60,28,0.4667,0.3463,0.5911,0,2,14,16,0,22.17,0.0,0.0,24.01
stress,lidar_short=0.1,lidar_short,1,0.1,mppi,mcl,60,32,0.5333,0.4089,0.6537,1,0,8,19,0,25.14,0.127,0.141,23.93
stress,lidar_short=0.1,lidar_short,1,0.1,pp,gt,60,30,0.5,0.3774,0.6226,0,8,22,0,0,11.53,0.0,0.0,0.23
stress,lidar_short=0.1,lidar_short,1,0.1,pp,mcl,60,31,0.5167,0.3931,0.6382,0,6,23,0,0,11.54,0.096,0.178,0.23
stress,lidar_short=0.1,lidar_short,1,0.1,pp_stop,gt,60,39,0.65,0.5236,0.7583,0,1,14,0,6,14.41,0.0,0.0,0.33
stress,lidar_short=0.1,lidar_short,1,0.1,pp_stop,mcl,60,38,0.6333,0.5068,0.7438,0,1,11,1,9,13.93,0.112,0.166,0.33
stress,lidar_short=0.1,lidar_short,1,0.1,ppo,gt,60,43,0.7167,0.5923,0.8149,0,8,7,0,2,10.88,0.0,0.0,0.23
stress,lidar_short=0.1,lidar_short,1,0.1,ppo,mcl,60,40,0.6667,0.5406,0.7727,0,7,11,1,1,11.32,0.103,0.17,0.23
stress,lidar_short=0.1,lidar_short,1,0.1,ppo2,gt,60,20,0.3333,0.2273,0.4594,0,5,23,6,6,21.35,0.0,0.0,0.49
stress,lidar_short=0.1,lidar_short,1,0.1,ppo2,mcl,60,25,0.4167,0.3006,0.5427,0,4,20,6,5,20.86,0.118,0.152,0.49
stress,lidar_short=0.1,lidar_short,1,0.1,ppo2_s0,gt,60,29,0.4833,0.3618,0.6069,0,4,23,1,3,21.78,0.0,0.0,0.48
stress,lidar_short=0.1,lidar_short,1,0.1,ppo2_s0,mcl,60,23,0.3833,0.2709,0.5098,0,7,25,2,3,18.09,0.111,0.131,0.49
stress,lidar_short=0.1,lidar_short,1,0.1,ppo2_s1,gt,60,20,0.3333,0.2273,0.4594,0,5,23,6,6,21.35,0.0,0.0,0.49
stress,lidar_short=0.1,lidar_short,1,0.1,ppo2_s1,mcl,60,25,0.4167,0.3006,0.5427,0,4,20,6,5,20.86,0.118,0.152,0.49
stress,lidar_short=0.1,lidar_short,1,0.1,ppo2_s2,gt,60,35,0.5833,0.4573,0.6994,0,1,19,2,3,21.89,0.0,0.0,0.49
stress,lidar_short=0.1,lidar_short,1,0.1,ppo2_s2,mcl,60,36,0.6,0.4737,0.7143,0,2,17,0,5,23.19,0.109,0.145,0.49
stress,lidar_short=0.1,lidar_short,1,0.1,ppo2nv,gt,60,27,0.45,0.3309,0.5751,0,5,22,1,5,16.99,0.0,0.0,0.23
stress,lidar_short=0.1,lidar_short,1,0.1,ppo2nv,mcl,60,35,0.5833,0.4573,0.6994,0,2,21,0,2,16.76,0.105,0.148,0.23
stress,lidar_short=0.1,lidar_short,1,0.1,ppo2nv_s0,gt,60,33,0.55,0.4249,0.6691,0,6,14,1,6,15.67,0.0,0.0,0.23
stress,lidar_short=0.1,lidar_short,1,0.1,ppo2nv_s0,mcl,60,32,0.5333,0.4089,0.6537,0,6,12,3,7,16.9,0.103,0.141,0.23
stress,lidar_short=0.1,lidar_short,1,0.1,ppo2nv_s1,gt,60,0,0.0,0.0,0.0602,0,3,0,0,57,,0.0,0.0,0.23
stress,lidar_short=0.1,lidar_short,1,0.1,ppo2nv_s1,mcl,60,0,0.0,0.0,0.0602,0,3,0,0,57,,0.054,0.062,0.23
stress,lidar_short=0.1,lidar_short,1,0.1,ppo2nv_s2,gt,60,27,0.45,0.3309,0.5751,0,5,22,1,5,16.99,0.0,0.0,0.23
stress,lidar_short=0.1,lidar_short,1,0.1,ppo2nv_s2,mcl,60,35,0.5833,0.4573,0.6994,0,2,21,0,2,16.76,0.105,0.148,0.23
stress,lidar_short=0.1,lidar_short,1,0.1,ppo_s0,gt,60,36,0.6,0.4737,0.7143,0,7,14,0,3,10.3,0.0,0.0,0.22
stress,lidar_short=0.1,lidar_short,1,0.1,ppo_s0,mcl,60,35,0.5833,0.4573,0.6994,0,8,13,1,3,9.69,0.097,0.14,0.22
stress,lidar_short=0.1,lidar_short,1,0.1,ppo_s1,gt,60,43,0.7167,0.5923,0.8149,0,8,7,0,2,10.88,0.0,0.0,0.23
stress,lidar_short=0.1,lidar_short,1,0.1,ppo_s1,mcl,60,40,0.6667,0.5406,0.7727,0,7,11,1,1,11.32,0.103,0.17,0.23
stress,lidar_short=0.1,lidar_short,1,0.1,ppo_s2,gt,60,37,0.6167,0.4902,0.7291,0,5,16,0,2,12.15,0.0,0.0,0.22
stress,lidar_short=0.1,lidar_short,1,0.1,ppo_s2,mcl,60,32,0.5333,0.4089,0.6537,0,7,19,0,2,12.12,0.098,0.138,0.23
stress,lidar_short=0.2,lidar_short,2,0.2,dwa,gt,60,31,0.5167,0.3931,0.6382,0,6,16,6,1,13.72,0.0,0.0,11.37
stress,lidar_short=0.2,lidar_short,2,0.2,dwa,mcl,60,35,0.5833,0.4573,0.6994,0,10,12,3,0,12.99,0.177,0.296,11.44
stress,lidar_short=0.2,lidar_short,2,0.2,mppi,gt,60,2,0.0333,0.0092,0.1136,0,0,11,47,0,27.1,0.0,0.0,24.46
stress,lidar_short=0.2,lidar_short,2,0.2,mppi,mcl,60,1,0.0167,0.0029,0.0886,3,1,13,42,0,35.85,0.255,0.317,23.99
stress,lidar_short=0.2,lidar_short,2,0.2,pp,gt,60,30,0.5,0.3774,0.6226,0,8,22,0,0,11.54,0.0,0.0,0.24
stress,lidar_short=0.2,lidar_short,2,0.2,pp,mcl,60,30,0.5,0.3774,0.6226,1,7,22,0,0,11.58,0.163,0.277,0.24
stress,lidar_short=0.2,lidar_short,2,0.2,pp_stop,gt,60,34,0.5667,0.441,0.6843,0,0,17,0,9,14.85,0.0,0.0,0.32
stress,lidar_short=0.2,lidar_short,2,0.2,pp_stop,mcl,60,36,0.6,0.4737,0.7143,0,0,13,1,10,15.72,0.185,0.285,0.34
stress,lidar_short=0.2,lidar_short,2,0.2,ppo,gt,60,38,0.6333,0.5068,0.7438,0,5,15,0,2,13.88,0.0,0.0,0.23
stress,lidar_short=0.2,lidar_short,2,0.2,ppo,mcl,60,37,0.6167,0.4902,0.7291,2,5,14,0,2,13.48,0.184,0.274,0.24
stress,lidar_short=0.2,lidar_short,2,0.2,ppo2,gt,60,26,0.4333,0.3157,0.559,0,5,20,3,6,20.97,0.0,0.0,0.61
stress,lidar_short=0.2,lidar_short,2,0.2,ppo2,mcl,60,24,0.4,0.2857,0.5263,4,9,20,1,2,19.21,0.215,0.257,0.64
stress,lidar_short=0.2,lidar_short,2,0.2,ppo2_s0,gt,60,29,0.4833,0.3618,0.6069,0,3,24,2,2,21.93,0.0,0.0,0.61
stress,lidar_short=0.2,lidar_short,2,0.2,ppo2_s0,mcl,60,25,0.4167,0.3006,0.5427,2,5,24,2,2,18.4,0.204,0.251,0.62
stress,lidar_short=0.2,lidar_short,2,0.2,ppo2_s1,gt,60,26,0.4333,0.3157,0.559,0,5,20,3,6,20.97,0.0,0.0,0.61
stress,lidar_short=0.2,lidar_short,2,0.2,ppo2_s1,mcl,60,24,0.4,0.2857,0.5263,4,9,20,1,2,19.21,0.215,0.257,0.64
stress,lidar_short=0.2,lidar_short,2,0.2,ppo2_s2,gt,60,31,0.5167,0.3931,0.6382,0,3,23,3,0,20.61,0.0,0.0,0.62
stress,lidar_short=0.2,lidar_short,2,0.2,ppo2_s2,mcl,60,25,0.4167,0.3006,0.5427,1,3,29,1,1,20.16,0.164,0.242,0.62
stress,lidar_short=0.2,lidar_short,2,0.2,ppo2nv,gt,60,26,0.4333,0.3157,0.559,0,6,25,1,2,17.31,0.0,0.0,0.24
stress,lidar_short=0.2,lidar_short,2,0.2,ppo2nv,mcl,60,28,0.4667,0.3463,0.5911,0,5,25,1,1,17.68,0.172,0.255,0.24
stress,lidar_short=0.2,lidar_short,2,0.2,ppo2nv_s0,gt,60,32,0.5333,0.4089,0.6537,0,5,17,0,6,15.12,0.0,0.0,0.24
stress,lidar_short=0.2,lidar_short,2,0.2,ppo2nv_s0,mcl,60,34,0.5667,0.441,0.6843,0,6,17,0,3,15.92,0.178,0.271,0.25
stress,lidar_short=0.2,lidar_short,2,0.2,ppo2nv_s1,gt,60,0,0.0,0.0,0.0602,0,0,0,0,60,,0.0,0.0,0.24
stress,lidar_short=0.2,lidar_short,2,0.2,ppo2nv_s1,mcl,60,0,0.0,0.0,0.0602,2,0,0,0,58,,0.137,0.104,0.25
stress,lidar_short=0.2,lidar_short,2,0.2,ppo2nv_s2,gt,60,26,0.4333,0.3157,0.559,0,6,25,1,2,17.31,0.0,0.0,0.24
stress,lidar_short=0.2,lidar_short,2,0.2,ppo2nv_s2,mcl,60,28,0.4667,0.3463,0.5911,0,5,25,1,1,17.68,0.172,0.255,0.24
stress,lidar_short=0.2,lidar_short,2,0.2,ppo_s0,gt,60,40,0.6667,0.5406,0.7727,0,6,14,0,0,11.76,0.0,0.0,0.23
stress,lidar_short=0.2,lidar_short,2,0.2,ppo_s0,mcl,60,39,0.65,0.5236,0.7583,0,7,13,0,1,12.33,0.173,0.27,0.23
stress,lidar_short=0.2,lidar_short,2,0.2,ppo_s1,gt,60,38,0.6333,0.5068,0.7438,0,5,15,0,2,13.88,0.0,0.0,0.23
stress,lidar_short=0.2,lidar_short,2,0.2,ppo_s1,mcl,60,37,0.6167,0.4902,0.7291,2,5,14,0,2,13.48,0.184,0.274,0.24
stress,lidar_short=0.2,lidar_short,2,0.2,ppo_s2,gt,60,32,0.5333,0.4089,0.6537,0,7,21,0,0,13.6,0.0,0.0,0.23
stress,lidar_short=0.2,lidar_short,2,0.2,ppo_s2,mcl,60,34,0.5667,0.441,0.6843,0,6,20,0,0,13.63,0.179,0.27,0.23
stress,lidar_short=0.3,lidar_short,3,0.3,dwa,gt,60,26,0.4333,0.3157,0.559,0,13,18,3,0,13.66,0.0,0.0,11.8
stress,lidar_short=0.3,lidar_short,3,0.3,dwa,mcl,60,27,0.45,0.3309,0.5751,2,10,19,2,0,13.31,0.303,0.52,11.95
stress,lidar_short=0.3,lidar_short,3,0.3,mppi,gt,60,0,0.0,0.0,0.0602,0,5,5,50,0,,0.0,0.0,18.92
stress,lidar_short=0.3,lidar_short,3,0.3,mppi,mcl,60,0,0.0,0.0,0.0602,14,1,5,40,0,,0.463,0.43,19.08
stress,lidar_short=0.3,lidar_short,3,0.3,pp,gt,60,30,0.5,0.3774,0.6226,0,8,22,0,0,11.53,0.0,0.0,0.23
stress,lidar_short=0.3,lidar_short,3,0.3,pp,mcl,60,30,0.5,0.3774,0.6226,5,6,19,0,0,11.66,0.273,0.443,0.23
stress,lidar_short=0.3,lidar_short,3,0.3,pp_stop,gt,60,33,0.55,0.4249,0.6691,0,0,15,2,10,16.42,0.0,0.0,0.32
stress,lidar_short=0.3,lidar_short,3,0.3,pp_stop,mcl,60,33,0.55,0.4249,0.6691,7,1,11,0,8,17.94,0.405,0.422,0.34
stress,lidar_short=0.3,lidar_short,3,0.3,ppo,gt,60,31,0.5167,0.3931,0.6382,0,8,16,2,3,16.34,0.0,0.0,0.23
stress,lidar_short=0.3,lidar_short,3,0.3,ppo,mcl,60,32,0.5333,0.4089,0.6537,4,8,14,1,1,14.56,0.308,0.419,0.23
stress,lidar_short=0.3,lidar_short,3,0.3,ppo2,gt,60,24,0.4,0.2857,0.5263,0,7,28,0,1,20.04,0.0,0.0,0.77
stress,lidar_short=0.3,lidar_short,3,0.3,ppo2,mcl,60,24,0.4,0.2857,0.5263,4,7,24,0,1,18.92,0.319,0.409,0.79
stress,lidar_short=0.3,lidar_short,3,0.3,ppo2_s0,gt,60,25,0.4167,0.3006,0.5427,0,5,28,1,1,16.42,0.0,0.0,0.78
stress,lidar_short=0.3,lidar_short,3,0.3,ppo2_s0,mcl,60,25,0.4167,0.3006,0.5427,5,8,21,1,0,17.31,0.29,0.379,0.79
stress,lidar_short=0.3,lidar_short,3,0.3,ppo2_s1,gt,60,24,0.4,0.2857,0.5263,0,7,28,0,1,20.04,0.0,0.0,0.77
stress,lidar_short=0.3,lidar_short,3,0.3,ppo2_s1,mcl,60,24,0.4,0.2857,0.5263,4,7,24,0,1,18.92,0.319,0.409,0.79
stress,lidar_short=0.3,lidar_short,3,0.3,ppo2_s2,gt,60,26,0.4333,0.3157,0.559,0,4,28,0,2,16.88,0.0,0.0,0.78
stress,lidar_short=0.3,lidar_short,3,0.3,ppo2_s2,mcl,60,26,0.4333,0.3157,0.559,7,6,19,1,1,17.27,0.313,0.504,0.79
stress,lidar_short=0.3,lidar_short,3,0.3,ppo2nv,gt,60,24,0.4,0.2857,0.5263,0,8,25,1,2,16.08,0.0,0.0,0.23
stress,lidar_short=0.3,lidar_short,3,0.3,ppo2nv,mcl,60,20,0.3333,0.2273,0.4594,4,9,24,2,1,15.73,0.282,0.438,0.23
stress,lidar_short=0.3,lidar_short,3,0.3,ppo2nv_s0,gt,60,34,0.5667,0.441,0.6843,0,6,19,0,1,15.46,0.0,0.0,0.23
stress,lidar_short=0.3,lidar_short,3,0.3,ppo2nv_s0,mcl,60,33,0.55,0.4249,0.6691,2,6,17,0,2,13.68,0.295,0.427,0.22
stress,lidar_short=0.3,lidar_short,3,0.3,ppo2nv_s1,gt,60,0,0.0,0.0,0.0602,0,0,0,0,60,,0.0,0.0,0.23
stress,lidar_short=0.3,lidar_short,3,0.3,ppo2nv_s1,mcl,60,0,0.0,0.0,0.0602,7,0,0,0,53,,0.293,0.172,0.23
stress,lidar_short=0.3,lidar_short,3,0.3,ppo2nv_s2,gt,60,24,0.4,0.2857,0.5263,0,8,25,1,2,16.08,0.0,0.0,0.23
stress,lidar_short=0.3,lidar_short,3,0.3,ppo2nv_s2,mcl,60,20,0.3333,0.2273,0.4594,4,9,24,2,1,15.73,0.282,0.438,0.23
stress,lidar_short=0.3,lidar_short,3,0.3,ppo_s0,gt,60,33,0.55,0.4249,0.6691,0,9,16,0,2,15.74,0.0,0.0,0.23
stress,lidar_short=0.3,lidar_short,3,0.3,ppo_s0,mcl,60,32,0.5333,0.4089,0.6537,3,9,14,0,2,14.67,0.276,0.407,0.23
stress,lidar_short=0.3,lidar_short,3,0.3,ppo_s1,gt,60,31,0.5167,0.3931,0.6382,0,8,16,2,3,16.34,0.0,0.0,0.23
stress,lidar_short=0.3,lidar_short,3,0.3,ppo_s1,mcl,60,32,0.5333,0.4089,0.6537,4,8,14,1,1,14.56,0.308,0.419,0.23
stress,lidar_short=0.3,lidar_short,3,0.3,ppo_s2,gt,60,31,0.5167,0.3931,0.6382,0,6,22,0,1,12.62,0.0,0.0,0.23
stress,lidar_short=0.3,lidar_short,3,0.3,ppo_s2,mcl,60,30,0.5,0.3774,0.6226,2,9,19,0,0,12.94,0.286,0.452,0.23
stress,lidar_short=0.4,lidar_short,4,0.4,dwa,gt,60,19,0.3167,0.2131,0.4423,0,20,20,1,0,12.35,0.0,0.0,12.18
stress,lidar_short=0.4,lidar_short,4,0.4,dwa,mcl,60,22,0.3667,0.2562,0.4932,9,10,17,2,0,12.76,0.435,0.73,12.44
stress,lidar_short=0.4,lidar_short,4,0.4,mppi,gt,60,0,0.0,0.0,0.0602,0,1,7,52,0,,0.0,0.0,19.78
stress,lidar_short=0.4,lidar_short,4,0.4,mppi,mcl,60,1,0.0167,0.0029,0.0886,26,1,2,29,1,19.0,0.834,0.754,19.74
stress,lidar_short=0.4,lidar_short,4,0.4,pp,gt,60,30,0.5,0.3774,0.6226,0,8,22,0,0,11.53,0.0,0.0,0.23
stress,lidar_short=0.4,lidar_short,4,0.4,pp,mcl,60,28,0.4667,0.3463,0.5911,8,6,18,0,0,11.59,0.4,0.704,0.23
stress,lidar_short=0.4,lidar_short,4,0.4,pp_stop,gt,60,35,0.5833,0.4573,0.6994,0,2,17,1,5,21.57,0.0,0.0,0.33
stress,lidar_short=0.4,lidar_short,4,0.4,pp_stop,mcl,60,23,0.3833,0.2709,0.5098,17,0,15,2,3,19.96,0.856,0.732,0.36
stress,lidar_short=0.4,lidar_short,4,0.4,ppo,gt,60,16,0.2667,0.1713,0.3901,0,11,15,11,7,23.27,0.0,0.0,0.25
stress,lidar_short=0.4,lidar_short,4,0.4,ppo,mcl,60,18,0.3,0.199,0.4251,12,11,12,5,2,24.32,0.536,0.639,0.25
stress,lidar_short=0.4,lidar_short,4,0.4,ppo2,gt,60,28,0.4667,0.3463,0.5911,0,9,21,2,0,17.48,0.0,0.0,0.96
stress,lidar_short=0.4,lidar_short,4,0.4,ppo2,mcl,60,19,0.3167,0.2131,0.4423,16,6,18,1,0,16.79,0.461,0.75,1.01
stress,lidar_short=0.4,lidar_short,4,0.4,ppo2_s0,gt,60,26,0.4333,0.3157,0.559,0,7,25,1,1,16.13,0.0,0.0,0.94
stress,lidar_short=0.4,lidar_short,4,0.4,ppo2_s0,mcl,60,27,0.45,0.3309,0.5751,10,4,19,0,0,16.35,0.453,0.682,1.0
stress,lidar_short=0.4,lidar_short,4,0.4,ppo2_s1,gt,60,28,0.4667,0.3463,0.5911,0,9,21,2,0,17.48,0.0,0.0,0.96
stress,lidar_short=0.4,lidar_short,4,0.4,ppo2_s1,mcl,60,19,0.3167,0.2131,0.4423,16,6,18,1,0,16.79,0.461,0.75,1.01
stress,lidar_short=0.4,lidar_short,4,0.4,ppo2_s2,gt,60,27,0.45,0.3309,0.5751,0,6,25,1,1,15.66,0.0,0.0,0.95
stress,lidar_short=0.4,lidar_short,4,0.4,ppo2_s2,mcl,60,28,0.4667,0.3463,0.5911,6,5,20,1,0,15.8,0.459,0.71,1.0
stress,lidar_short=0.4,lidar_short,4,0.4,ppo2nv,gt,60,16,0.2667,0.1713,0.3901,0,20,22,2,0,13.27,0.0,0.0,0.22
stress,lidar_short=0.4,lidar_short,4,0.4,ppo2nv,mcl,60,19,0.3167,0.2131,0.4423,8,11,20,1,1,14.54,0.44,0.73,0.23
stress,lidar_short=0.4,lidar_short,4,0.4,ppo2nv_s0,gt,60,32,0.5333,0.4089,0.6537,0,6,20,1,1,13.68,0.0,0.0,0.22
stress,lidar_short=0.4,lidar_short,4,0.4,ppo2nv_s0,mcl,60,32,0.5333,0.4089,0.6537,8,3,16,1,0,13.82,0.435,0.712,0.22
stress,lidar_short=0.4,lidar_short,4,0.4,ppo2nv_s1,gt,60,0,0.0,0.0,0.0602,0,0,0,0,60,,0.0,0.0,0.22
stress,lidar_short=0.4,lidar_short,4,0.4,ppo2nv_s1,mcl,60,0,0.0,0.0,0.0602,13,0,0,0,47,,0.642,0.346,0.22
stress,lidar_short=0.4,lidar_short,4,0.4,ppo2nv_s2,gt,60,16,0.2667,0.1713,0.3901,0,20,22,2,0,13.27,0.0,0.0,0.22
stress,lidar_short=0.4,lidar_short,4,0.4,ppo2nv_s2,mcl,60,19,0.3167,0.2131,0.4423,8,11,20,1,1,14.54,0.44,0.73,0.23
stress,lidar_short=0.4,lidar_short,4,0.4,ppo_s0,gt,60,22,0.3667,0.2562,0.4932,0,11,15,5,7,22.33,0.0,0.0,0.24
stress,lidar_short=0.4,lidar_short,4,0.4,ppo_s0,mcl,60,22,0.3667,0.2562,0.4932,11,8,11,2,6,21.19,0.434,0.578,0.24
stress,lidar_short=0.4,lidar_short,4,0.4,ppo_s1,gt,60,16,0.2667,0.1713,0.3901,0,11,15,11,7,23.27,0.0,0.0,0.25
stress,lidar_short=0.4,lidar_short,4,0.4,ppo_s1,mcl,60,18,0.3,0.199,0.4251,12,11,12,5,2,24.32,0.536,0.639,0.25
stress,lidar_short=0.4,lidar_short,4,0.4,ppo_s2,gt,60,31,0.5167,0.3931,0.6382,0,7,22,0,0,13.87,0.0,0.0,0.24
stress,lidar_short=0.4,lidar_short,4,0.4,ppo_s2,mcl,60,28,0.4667,0.3463,0.5911,7,5,20,0,0,13.18,0.435,0.634,0.24
stress,lidar_sigma=0.1,lidar_sigma,1,0.1,dwa,mcl,60,41,0.6833,0.5577,0.7869,0,2,7,9,1,14.81,0.089,0.134,15.56
stress,lidar_sigma=0.1,lidar_sigma,1,0.1,mppi,mcl,60,39,0.65,0.5236,0.7583,0,0,8,13,0,17.65,0.091,0.132,24.66
stress,lidar_sigma=0.1,lidar_sigma,1,0.1,pp,mcl,60,32,0.5333,0.4089,0.6537,0,6,22,0,0,11.51,0.081,0.113,0.28
stress,lidar_sigma=0.1,lidar_sigma,1,0.1,pp_stop,mcl,60,42,0.7,0.5749,0.801,0,2,13,0,3,14.25,0.091,0.13,0.61
stress,lidar_sigma=0.1,lidar_sigma,1,0.1,ppo,mcl,60,37,0.6167,0.4902,0.7291,1,9,10,1,2,10.41,0.098,0.151,0.24
stress,lidar_sigma=0.1,lidar_sigma,1,0.1,ppo2,mcl,60,25,0.4167,0.3006,0.5427,0,0,22,8,5,18.68,0.081,0.095,0.37
stress,lidar_sigma=0.1,lidar_sigma,1,0.1,ppo2_s0,mcl,60,31,0.5167,0.3931,0.6382,0,3,19,2,5,17.88,0.091,0.117,0.36
stress,lidar_sigma=0.1,lidar_sigma,1,0.1,ppo2_s1,mcl,60,25,0.4167,0.3006,0.5427,0,0,22,8,5,18.68,0.081,0.095,0.37
stress,lidar_sigma=0.1,lidar_sigma,1,0.1,ppo2_s2,mcl,60,34,0.5667,0.441,0.6843,0,1,17,2,6,19.31,0.084,0.107,0.37
stress,lidar_sigma=0.1,lidar_sigma,1,0.1,ppo2nv,mcl,60,37,0.6167,0.4902,0.7291,0,2,19,0,2,18.07,0.081,0.107,0.31
stress,lidar_sigma=0.1,lidar_sigma,1,0.1,ppo2nv_s0,mcl,60,36,0.6,0.4737,0.7143,1,3,15,2,3,15.39,0.115,0.104,0.32
stress,lidar_sigma=0.1,lidar_sigma,1,0.1,ppo2nv_s1,mcl,60,0,0.0,0.0,0.0602,0,0,0,0,60,,0.041,0.051,0.35
stress,lidar_sigma=0.1,lidar_sigma,1,0.1,ppo2nv_s2,mcl,60,37,0.6167,0.4902,0.7291,0,2,19,0,2,18.07,0.081,0.107,0.31
stress,lidar_sigma=0.1,lidar_sigma,1,0.1,ppo_s0,mcl,60,43,0.7167,0.5923,0.8149,0,7,9,0,1,9.96,0.085,0.145,0.25
stress,lidar_sigma=0.1,lidar_sigma,1,0.1,ppo_s1,mcl,60,37,0.6167,0.4902,0.7291,1,9,10,1,2,10.41,0.098,0.151,0.24
stress,lidar_sigma=0.1,lidar_sigma,1,0.1,ppo_s2,mcl,60,36,0.6,0.4737,0.7143,0,6,15,0,3,11.25,0.085,0.113,0.24
stress,lidar_sigma=0.2,lidar_sigma,2,0.2,dwa,mcl,60,38,0.6333,0.5068,0.7438,0,2,7,12,1,16.16,0.098,0.13,17.02
stress,lidar_sigma=0.2,lidar_sigma,2,0.2,mppi,mcl,60,40,0.6667,0.5406,0.7727,0,0,7,13,0,17.95,0.096,0.132,26.51
stress,lidar_sigma=0.2,lidar_sigma,2,0.2,pp,mcl,60,32,0.5333,0.4089,0.6537,0,6,22,0,0,11.52,0.085,0.124,0.29
stress,lidar_sigma=0.2,lidar_sigma,2,0.2,pp_stop,mcl,60,40,0.6667,0.5406,0.7727,0,0,14,2,4,13.3,0.09,0.127,0.65
stress,lidar_sigma=0.2,lidar_sigma,2,0.2,ppo,mcl,60,40,0.6667,0.5406,0.7727,0,9,8,0,3,10.74,0.095,0.142,0.23
stress,lidar_sigma=0.2,lidar_sigma,2,0.2,ppo2,mcl,60,29,0.4833,0.3618,0.6069,0,4,21,0,6,17.58,0.082,0.104,0.35
stress,lidar_sigma=0.2,lidar_sigma,2,0.2,ppo2_s0,mcl,60,30,0.5,0.3774,0.6226,1,3,18,2,6,16.91,0.106,0.118,0.36
stress,lidar_sigma=0.2,lidar_sigma,2,0.2,ppo2_s1,mcl,60,29,0.4833,0.3618,0.6069,0,4,21,0,6,17.58,0.082,0.104,0.35
stress,lidar_sigma=0.2,lidar_sigma,2,0.2,ppo2_s2,mcl,60,31,0.5167,0.3931,0.6382,0,1,21,2,5,19.6,0.086,0.093,0.35
stress,lidar_sigma=0.2,lidar_sigma,2,0.2,ppo2nv,mcl,60,40,0.6667,0.5406,0.7727,0,1,17,0,2,16.59,0.091,0.12,0.36
stress,lidar_sigma=0.2,lidar_sigma,2,0.2,ppo2nv_s0,mcl,60,35,0.5833,0.4573,0.6994,1,2,17,1,4,17.03,0.111,0.109,0.36
stress,lidar_sigma=0.2,lidar_sigma,2,0.2,ppo2nv_s1,mcl,60,0,0.0,0.0,0.0602,0,0,0,0,60,,0.045,0.051,0.32
stress,lidar_sigma=0.2,lidar_sigma,2,0.2,ppo2nv_s2,mcl,60,40,0.6667,0.5406,0.7727,0,1,17,0,2,16.59,0.091,0.12,0.36
stress,lidar_sigma=0.2,lidar_sigma,2,0.2,ppo_s0,mcl,60,44,0.7333,0.6099,0.8287,0,8,7,0,1,10.27,0.093,0.151,0.24
stress,lidar_sigma=0.2,lidar_sigma,2,0.2,ppo_s1,mcl,60,40,0.6667,0.5406,0.7727,0,9,8,0,3,10.74,0.095,0.142,0.23
stress,lidar_sigma=0.2,lidar_sigma,2,0.2,ppo_s2,mcl,60,37,0.6167,0.4902,0.7291,0,7,13,0,3,11.82,0.088,0.124,0.24
stress,lidar_sigma=0.4,lidar_sigma,3,0.4,dwa,mcl,60,36,0.6,0.4737,0.7143,0,2,10,12,0,13.64,0.111,0.146,20.55
stress,lidar_sigma=0.4,lidar_sigma,3,0.4,mppi,mcl,60,28,0.4667,0.3463,0.5911,1,0,10,20,1,18.2,0.13,0.151,27.72
stress,lidar_sigma=0.4,lidar_sigma,3,0.4,pp,mcl,60,33,0.55,0.4249,0.6691,0,6,21,0,0,11.46,0.104,0.148,0.31
stress,lidar_sigma=0.4,lidar_sigma,3,0.4,pp_stop,mcl,60,41,0.6833,0.5577,0.7869,0,3,11,2,3,13.92,0.11,0.165,0.58
stress,lidar_sigma=0.4,lidar_sigma,3,0.4,ppo,mcl,60,38,0.6333,0.5068,0.7438,0,8,12,0,2,10.46,0.113,0.169,0.23
stress,lidar_sigma=0.4,lidar_sigma,3,0.4,ppo2,mcl,60,27,0.45,0.3309,0.5751,0,5,17,5,6,17.08,0.105,0.126,0.41
stress,lidar_sigma=0.4,lidar_sigma,3,0.4,ppo2_s0,mcl,60,31,0.5167,0.3931,0.6382,0,3,19,0,7,18.62,0.105,0.143,0.41
stress,lidar_sigma=0.4,lidar_sigma,3,0.4,ppo2_s1,mcl,60,27,0.45,0.3309,0.5751,0,5,17,5,6,17.08,0.105,0.126,0.41
stress,lidar_sigma=0.4,lidar_sigma,3,0.4,ppo2_s2,mcl,60,37,0.6167,0.4902,0.7291,0,1,17,0,5,19.23,0.114,0.152,0.42
stress,lidar_sigma=0.4,lidar_sigma,3,0.4,ppo2nv,mcl,60,33,0.55,0.4249,0.6691,0,2,19,1,5,16.78,0.114,0.144,0.32
stress,lidar_sigma=0.4,lidar_sigma,3,0.4,ppo2nv_s0,mcl,60,33,0.55,0.4249,0.6691,0,6,15,0,6,15.34,0.109,0.147,0.35
stress,lidar_sigma=0.4,lidar_sigma,3,0.4,ppo2nv_s1,mcl,60,0,0.0,0.0,0.0602,0,0,0,0,60,,0.068,0.087,0.36
stress,lidar_sigma=0.4,lidar_sigma,3,0.4,ppo2nv_s2,mcl,60,33,0.55,0.4249,0.6691,0,2,19,1,5,16.78,0.114,0.144,0.32
stress,lidar_sigma=0.4,lidar_sigma,3,0.4,ppo_s0,mcl,60,38,0.6333,0.5068,0.7438,0,10,9,0,3,10.11,0.108,0.16,0.23
stress,lidar_sigma=0.4,lidar_sigma,3,0.4,ppo_s1,mcl,60,38,0.6333,0.5068,0.7438,0,8,12,0,2,10.46,0.113,0.169,0.23
stress,lidar_sigma=0.4,lidar_sigma,3,0.4,ppo_s2,mcl,60,34,0.5667,0.441,0.6843,0,9,13,1,3,12.85,0.106,0.14,0.23
stress,lidar_sigma=0.8,lidar_sigma,4,0.8,dwa,mcl,60,32,0.5333,0.4089,0.6537,0,6,16,6,0,15.33,0.153,0.233,30.15
stress,lidar_sigma=0.8,lidar_sigma,4,0.8,mppi,mcl,60,9,0.15,0.081,0.2611,1,0,11,23,16,22.96,0.172,0.206,27.45
stress,lidar_sigma=0.8,lidar_sigma,4,0.8,pp,mcl,60,32,0.5333,0.4089,0.6537,0,7,21,0,0,11.47,0.146,0.229,0.26
stress,lidar_sigma=0.8,lidar_sigma,4,0.8,pp_stop,mcl,60,39,0.65,0.5236,0.7583,0,1,11,6,3,13.52,0.153,0.236,0.62
stress,lidar_sigma=0.8,lidar_sigma,4,0.8,ppo,mcl,60,38,0.6333,0.5068,0.7438,0,8,8,0,6,10.37,0.153,0.237,0.23
stress,lidar_sigma=0.8,lidar_sigma,4,0.8,ppo2,mcl,60,25,0.4167,0.3006,0.5427,0,3,15,7,10,17.45,0.145,0.208,0.48
stress,lidar_sigma=0.8,lidar_sigma,4,0.8,ppo2_s0,mcl,60,31,0.5167,0.3931,0.6382,0,4,16,2,7,19.38,0.156,0.213,0.5
stress,lidar_sigma=0.8,lidar_sigma,4,0.8,ppo2_s1,mcl,60,25,0.4167,0.3006,0.5427,0,3,15,7,10,17.45,0.145,0.208,0.48
stress,lidar_sigma=0.8,lidar_sigma,4,0.8,ppo2_s2,mcl,60,29,0.4833,0.3618,0.6069,0,3,19,2,7,17.32,0.147,0.22,0.49
stress,lidar_sigma=0.8,lidar_sigma,4,0.8,ppo2nv,mcl,60,37,0.6167,0.4902,0.7291,0,3,16,2,2,18.01,0.154,0.236,0.33
stress,lidar_sigma=0.8,lidar_sigma,4,0.8,ppo2nv_s0,mcl,60,31,0.5167,0.3931,0.6382,0,6,16,3,4,15.38,0.142,0.2,0.35
stress,lidar_sigma=0.8,lidar_sigma,4,0.8,ppo2nv_s1,mcl,60,0,0.0,0.0,0.0602,0,1,0,0,59,,0.123,0.17,0.35
stress,lidar_sigma=0.8,lidar_sigma,4,0.8,ppo2nv_s2,mcl,60,37,0.6167,0.4902,0.7291,0,3,16,2,2,18.01,0.154,0.236,0.33
stress,lidar_sigma=0.8,lidar_sigma,4,0.8,ppo_s0,mcl,60,40,0.6667,0.5406,0.7727,0,7,8,0,5,9.55,0.152,0.247,0.23
stress,lidar_sigma=0.8,lidar_sigma,4,0.8,ppo_s1,mcl,60,38,0.6333,0.5068,0.7438,0,8,8,0,6,10.37,0.153,0.237,0.23
stress,lidar_sigma=0.8,lidar_sigma,4,0.8,ppo_s2,mcl,60,31,0.5167,0.3931,0.6382,0,7,17,1,4,12.91,0.148,0.22,0.23
stress,speed_scale=1.05,speed_scale,1,1.05,dwa,mcl,60,42,0.7,0.5749,0.801,0,2,6,9,1,16.8,0.338,0.496,11.56
stress,speed_scale=1.05,speed_scale,1,1.05,mppi,mcl,60,41,0.6833,0.5577,0.7869,0,0,7,12,0,17.48,0.286,0.496,17.89
stress,speed_scale=1.05,speed_scale,1,1.05,pp,mcl,60,31,0.5167,0.3931,0.6382,0,7,22,0,0,12.0,0.315,0.505,0.23
stress,speed_scale=1.05,speed_scale,1,1.05,pp_stop,mcl,60,38,0.6333,0.5068,0.7438,0,3,14,0,5,13.69,0.333,0.533,0.34
stress,speed_scale=1.05,speed_scale,1,1.05,ppo,mcl,60,39,0.65,0.5236,0.7583,0,6,10,2,3,11.22,0.382,0.613,0.24
stress,speed_scale=1.05,speed_scale,1,1.05,ppo2,mcl,60,30,0.5,0.3774,0.6226,1,3,17,3,6,21.38,0.265,0.413,0.38
stress,speed_scale=1.05,speed_scale,1,1.05,ppo2_s0,mcl,60,26,0.4333,0.3157,0.559,1,4,22,2,5,18.79,0.262,0.396,0.38
stress,speed_scale=1.05,speed_scale,1,1.05,ppo2_s1,mcl,60,30,0.5,0.3774,0.6226,1,3,17,3,6,21.38,0.265,0.413,0.38
stress,speed_scale=1.05,speed_scale,1,1.05,ppo2_s2,mcl,60,35,0.5833,0.4573,0.6994,0,1,16,1,7,22.54,0.272,0.441,0.38
stress,speed_scale=1.05,speed_scale,1,1.05,ppo2nv,mcl,60,33,0.55,0.4249,0.6691,1,4,21,0,1,16.88,0.291,0.465,0.39
stress,speed_scale=1.05,speed_scale,1,1.05,ppo2nv_s0,mcl,60,38,0.6333,0.5068,0.7438,0,4,15,1,2,14.86,0.332,0.526,0.35
stress,speed_scale=1.05,speed_scale,1,1.05,ppo2nv_s1,mcl,60,0,0.0,0.0,0.0602,0,0,0,0,60,,0.048,0.054,0.35
stress,speed_scale=1.05,speed_scale,1,1.05,ppo2nv_s2,mcl,60,33,0.55,0.4249,0.6691,1,4,21,0,1,16.88,0.291,0.465,0.39
stress,speed_scale=1.05,speed_scale,1,1.05,ppo_s0,mcl,60,45,0.75,0.6277,0.8422,1,3,8,2,1,10.16,0.402,0.676,0.23
stress,speed_scale=1.05,speed_scale,1,1.05,ppo_s1,mcl,60,39,0.65,0.5236,0.7583,0,6,10,2,3,11.22,0.382,0.613,0.24
stress,speed_scale=1.05,speed_scale,1,1.05,ppo_s2,mcl,60,37,0.6167,0.4902,0.7291,0,2,19,0,2,12.17,0.382,0.611,0.24
stress,speed_scale=1.1,speed_scale,2,1.1,dwa,mcl,60,43,0.7167,0.5923,0.8149,4,0,3,7,3,16.59,0.687,1.05,11.54
stress,speed_scale=1.1,speed_scale,2,1.1,mppi,mcl,60,43,0.7167,0.5923,0.8149,6,0,2,9,0,18.93,0.609,1.013,19.46
stress,speed_scale=1.1,speed_scale,2,1.1,pp,mcl,60,29,0.4833,0.3618,0.6069,8,8,15,0,0,12.56,0.609,1.004,0.23
stress,speed_scale=1.1,speed_scale,2,1.1,pp_stop,mcl,60,38,0.6333,0.5068,0.7438,5,1,10,0,6,14.1,0.652,1.026,0.34
stress,speed_scale=1.1,speed_scale,2,1.1,ppo,mcl,60,39,0.65,0.5236,0.7583,7,2,6,4,2,12.37,0.769,1.322,0.23
stress,speed_scale=1.1,speed_scale,2,1.1,ppo2,mcl,60,32,0.5333,0.4089,0.6537,3,4,14,1,6,22.09,0.502,0.766,0.4
stress,speed_scale=1.1,speed_scale,2,1.1,ppo2_s0,mcl,60,29,0.4833,0.3618,0.6069,7,3,14,2,5,20.41,0.514,0.899,0.4
stress,speed_scale=1.1,speed_scale,2,1.1,ppo2_s1,mcl,60,32,0.5333,0.4089,0.6537,3,4,14,1,6,22.09,0.502,0.766,0.4
stress,speed_scale=1.1,speed_scale,2,1.1,ppo2_s2,mcl,60,33,0.55,0.4249,0.6691,6,3,12,3,3,20.97,0.514,0.862,0.4
stress,speed_scale=1.1,speed_scale,2,1.1,ppo2nv,mcl,60,37,0.6167,0.4902,0.7291,5,1,15,0,2,17.75,0.586,0.922,0.39
stress,speed_scale=1.1,speed_scale,2,1.1,ppo2nv_s0,mcl,60,35,0.5833,0.4573,0.6994,4,2,12,2,5,14.61,0.632,0.999,0.34
stress,speed_scale=1.1,speed_scale,2,1.1,ppo2nv_s1,mcl,60,0,0.0,0.0,0.0602,0,0,0,0,60,,0.066,0.068,0.36
stress,speed_scale=1.1,speed_scale,2,1.1,ppo2nv_s2,mcl,60,37,0.6167,0.4902,0.7291,5,1,15,0,2,17.75,0.586,0.922,0.39
stress,speed_scale=1.1,speed_scale,2,1.1,ppo_s0,mcl,60,41,0.6833,0.5577,0.7869,6,3,7,1,2,12.1,0.807,1.454,0.23
stress,speed_scale=1.1,speed_scale,2,1.1,ppo_s1,mcl,60,39,0.65,0.5236,0.7583,7,2,6,4,2,12.37,0.769,1.322,0.23
stress,speed_scale=1.1,speed_scale,2,1.1,ppo_s2,mcl,60,37,0.6167,0.4902,0.7291,8,0,12,2,1,13.0,0.742,1.198,0.23
stress,speed_scale=1.2,speed_scale,3,1.2,dwa,mcl,60,30,0.5,0.3774,0.6226,16,0,2,11,1,20.11,2.548,2.143,11.58
stress,speed_scale=1.2,speed_scale,3,1.2,mppi,mcl,60,36,0.6,0.4737,0.7143,13,0,3,8,0,22.55,1.296,1.938,20.27
stress,speed_scale=1.2,speed_scale,3,1.2,pp,mcl,60,23,0.3833,0.2709,0.5098,27,6,4,0,0,15.86,1.386,2.118,0.23
stress,speed_scale=1.2,speed_scale,3,1.2,pp_stop,mcl,60,33,0.55,0.4249,0.6691,21,0,3,0,3,19.17,1.52,2.154,0.34
stress,speed_scale=1.2,speed_scale,3,1.2,ppo,mcl,60,25,0.4167,0.3006,0.5427,26,2,0,4,3,20.98,2.096,2.554,0.23
stress,speed_scale=1.2,speed_scale,3,1.2,ppo2,mcl,60,27,0.45,0.3309,0.5751,9,0,13,2,9,23.94,1.007,1.455,0.44
stress,speed_scale=1.2,speed_scale,3,1.2,ppo2_s0,mcl,60,26,0.4333,0.3157,0.559,15,2,12,0,5,22.08,1.035,1.408,0.45
stress,speed_scale=1.2,speed_scale,3,1.2,ppo2_s1,mcl,60,27,0.45,0.3309,0.5751,9,0,13,2,9,23.94,1.007,1.455,0.44
stress,speed_scale=1.2,speed_scale,3,1.2,ppo2_s2,mcl,60,29,0.4833,0.3618,0.6069,15,1,2,5,8,23.76,1.04,1.505,0.44
stress,speed_scale=1.2,speed_scale,3,1.2,ppo2nv,mcl,60,33,0.55,0.4249,0.6691,18,0,4,0,5,20.68,1.297,2.005,0.33
stress,speed_scale=1.2,speed_scale,3,1.2,ppo2nv_s0,mcl,60,27,0.45,0.3309,0.5751,25,1,2,1,4,19.04,1.503,2.084,0.36
stress,speed_scale=1.2,speed_scale,3,1.2,ppo2nv_s1,mcl,60,0,0.0,0.0,0.0602,0,0,0,0,60,,0.104,0.081,0.35
stress,speed_scale=1.2,speed_scale,3,1.2,ppo2nv_s2,mcl,60,33,0.55,0.4249,0.6691,18,0,4,0,5,20.68,1.297,2.005,0.33
stress,speed_scale=1.2,speed_scale,3,1.2,ppo_s0,mcl,60,29,0.4833,0.3618,0.6069,25,1,2,2,1,22.9,2.31,3.212,0.23
stress,speed_scale=1.2,speed_scale,3,1.2,ppo_s1,mcl,60,25,0.4167,0.3006,0.5427,26,2,0,4,3,20.98,2.096,2.554,0.23
stress,speed_scale=1.2,speed_scale,3,1.2,ppo_s2,mcl,60,25,0.4167,0.3006,0.5427,27,1,2,2,3,20.93,1.899,2.392,0.24
stress,speed_scale=1.3,speed_scale,4,1.3,dwa,mcl,60,15,0.25,0.1578,0.3723,41,0,0,4,0,30.29,5.708,4.692,11.78
stress,speed_scale=1.3,speed_scale,4,1.3,mppi,mcl,60,16,0.2667,0.1713,0.3901,25,0,3,16,0,30.4,2.632,2.691,18.76
stress,speed_scale=1.3,speed_scale,4,1.3,pp,mcl,60,7,0.1167,0.0577,0.2218,49,2,1,1,0,27.29,2.668,3.692,0.24
stress,speed_scale=1.3,speed_scale,4,1.3,pp_stop,mcl,60,16,0.2667,0.1713,0.3901,38,0,1,1,4,31.37,3.145,3.723,0.34
stress,speed_scale=1.3,speed_scale,4,1.3,ppo,mcl,60,7,0.1167,0.0577,0.2218,49,1,0,2,1,33.62,4.392,5.019,0.22
stress,speed_scale=1.3,speed_scale,4,1.3,ppo2,mcl,60,13,0.2167,0.1312,0.3362,36,0,1,2,8,28.29,2.85,3.644,0.47
stress,speed_scale=1.3,speed_scale,4,1.3,ppo2_s0,mcl,60,20,0.3333,0.2273,0.4594,33,1,1,1,4,32.02,2.221,2.955,0.46
stress,speed_scale=1.3,speed_scale,4,1.3,ppo2_s1,mcl,60,13,0.2167,0.1312,0.3362,36,0,1,2,8,28.29,2.85,3.644,0.47
stress,speed_scale=1.3,speed_scale,4,1.3,ppo2_s2,mcl,60,13,0.2167,0.1312,0.3362,36,1,2,5,3,29.7,2.354,2.374,0.47
stress,speed_scale=1.3,speed_scale,4,1.3,ppo2nv,mcl,60,11,0.1833,0.1056,0.2992,45,0,1,1,2,28.34,2.654,2.812,0.34
stress,speed_scale=1.3,speed_scale,4,1.3,ppo2nv_s0,mcl,60,10,0.1667,0.0931,0.2803,43,1,1,2,3,28.93,3.285,3.928,0.39
stress,speed_scale=1.3,speed_scale,4,1.3,ppo2nv_s1,mcl,60,0,0.0,0.0,0.0602,0,0,0,0,60,,0.139,0.1,0.36
stress,speed_scale=1.3,speed_scale,4,1.3,ppo2nv_s2,mcl,60,11,0.1833,0.1056,0.2992,45,0,1,1,2,28.34,2.654,2.812,0.34
stress,speed_scale=1.3,speed_scale,4,1.3,ppo_s0,mcl,60,6,0.1,0.0466,0.2015,49,1,1,1,2,33.8,4.348,5.503,0.22
stress,speed_scale=1.3,speed_scale,4,1.3,ppo_s1,mcl,60,7,0.1167,0.0577,0.2218,49,1,0,2,1,33.62,4.392,5.019,0.22
stress,speed_scale=1.3,speed_scale,4,1.3,ppo_s2,mcl,60,10,0.1667,0.0931,0.2803,46,1,1,0,2,34.31,3.946,4.654,0.22
warehouse_crowd,warehouse/crowd,warehouse_crowd,1,3.0,dwa,mcl,60,14,0.2333,0.1444,0.3544,1,3,15,22,5,19.75,0.121,0.143,11.07
warehouse_crowd,warehouse/crowd,warehouse_crowd,1,3.0,mppi,mcl,60,8,0.1333,0.0691,0.2417,2,0,26,24,0,20.03,0.136,0.14,17.94
warehouse_crowd,warehouse/crowd,warehouse_crowd,1,3.0,pp,mcl,60,8,0.1333,0.0691,0.2417,0,8,44,0,0,12.71,0.087,0.163,0.22
warehouse_crowd,warehouse/crowd,warehouse_crowd,1,3.0,pp_stop,mcl,60,22,0.3667,0.2562,0.4932,1,1,25,1,10,17.9,0.127,0.172,0.33
warehouse_crowd,warehouse/crowd,warehouse_crowd,1,3.0,ppo,mcl,60,9,0.15,0.081,0.2611,0,18,27,1,5,12.77,0.093,0.149,0.22
warehouse_crowd,warehouse/crowd,warehouse_crowd,1,3.0,ppo2,mcl,60,7,0.1167,0.0577,0.2218,1,7,24,5,16,24.46,0.108,0.141,0.4
warehouse_crowd,warehouse/crowd,warehouse_crowd,1,3.0,ppo2_s0,mcl,60,10,0.1667,0.0931,0.2803,1,12,29,0,8,26.2,0.104,0.138,0.4
warehouse_crowd,warehouse/crowd,warehouse_crowd,1,3.0,ppo2_s1,mcl,60,7,0.1167,0.0577,0.2218,1,7,24,5,16,24.46,0.108,0.141,0.4
warehouse_crowd,warehouse/crowd,warehouse_crowd,1,3.0,ppo2_s2,mcl,60,6,0.1,0.0466,0.2015,0,2,30,1,21,20.36,0.087,0.126,0.39
warehouse_crowd,warehouse/crowd,warehouse_crowd,1,3.0,ppo2nv,mcl,60,9,0.15,0.081,0.2611,2,11,33,0,5,22.34,0.124,0.136,0.23
warehouse_crowd,warehouse/crowd,warehouse_crowd,1,3.0,ppo2nv_s0,mcl,60,9,0.15,0.081,0.2611,0,11,29,0,11,19.26,0.098,0.134,0.23
warehouse_crowd,warehouse/crowd,warehouse_crowd,1,3.0,ppo2nv_s1,mcl,60,0,0.0,0.0,0.0602,0,1,4,0,55,,0.068,0.068,0.23
warehouse_crowd,warehouse/crowd,warehouse_crowd,1,3.0,ppo2nv_s2,mcl,60,9,0.15,0.081,0.2611,2,11,33,0,5,22.34,0.124,0.136,0.23
warehouse_crowd,warehouse/crowd,warehouse_crowd,1,3.0,ppo_s0,mcl,60,5,0.0833,0.0361,0.1807,1,21,29,1,3,12.87,0.1,0.161,0.22
warehouse_crowd,warehouse/crowd,warehouse_crowd,1,3.0,ppo_s1,mcl,60,9,0.15,0.081,0.2611,0,18,27,1,5,12.77,0.093,0.149,0.22
warehouse_crowd,warehouse/crowd,warehouse_crowd,1,3.0,ppo_s2,mcl,60,5,0.0833,0.0361,0.1807,2,18,27,0,8,14.52,0.101,0.142,0.22
warehouse_nominal,nominal,nominal,0,0.0,dwa,gt,120,49,0.4083,0.3246,0.4978,0,3,16,44,8,17.44,0.0,0.0,10.72
warehouse_nominal,nominal,nominal,0,0.0,dwa,mcl,120,47,0.3917,0.309,0.4811,1,2,16,44,10,17.38,0.107,0.136,10.72
warehouse_nominal,nominal,nominal,0,0.0,mppi,gt,120,35,0.2917,0.2178,0.3784,0,0,21,61,3,20.38,0.0,0.0,17.58
warehouse_nominal,nominal,nominal,0,0.0,mppi,mcl,120,44,0.3667,0.2858,0.4558,5,0,22,48,1,21.49,0.138,0.135,17.63
warehouse_nominal,nominal,nominal,0,0.0,pp,gt,120,45,0.375,0.2935,0.4642,0,24,51,0,0,13.28,0.0,0.0,0.22
warehouse_nominal,nominal,nominal,0,0.0,pp,mcl,120,47,0.3917,0.309,0.4811,1,24,48,0,0,13.27,0.105,0.17,0.22
warehouse_nominal,nominal,nominal,0,0.0,pp_stop,gt,120,69,0.575,0.4856,0.6598,0,4,24,1,22,18.22,0.0,0.0,0.32
warehouse_nominal,nominal,nominal,0,0.0,pp_stop,mcl,120,71,0.5917,0.5022,0.6754,3,3,24,1,18,17.3,0.132,0.162,0.33
warehouse_nominal,nominal,nominal,0,0.0,ppo,gt,120,44,0.3667,0.2858,0.4558,0,36,31,1,8,13.77,0.0,0.0,0.22
warehouse_nominal,nominal,nominal,0,0.0,ppo,mcl,120,39,0.325,0.2478,0.4131,2,38,33,1,7,13.3,0.12,0.163,0.22
warehouse_nominal,nominal,nominal,0,0.0,ppo2,gt,120,23,0.1917,0.1313,0.2712,0,13,27,14,43,25.32,0.0,0.0,0.37
warehouse_nominal,nominal,nominal,0,0.0,ppo2,mcl,120,23,0.1917,0.1313,0.2712,2,13,29,16,37,26.03,0.116,0.126,0.37
warehouse_nominal,nominal,nominal,0,0.0,ppo2_s0,gt,120,29,0.2417,0.1739,0.3255,0,25,35,9,22,23.53,0.0,0.0,0.37
warehouse_nominal,nominal,nominal,0,0.0,ppo2_s0,mcl,120,31,0.2583,0.1884,0.3433,3,22,35,6,23,22.82,0.12,0.141,0.37
warehouse_nominal,nominal,nominal,0,0.0,ppo2_s1,gt,120,23,0.1917,0.1313,0.2712,0,13,27,14,43,25.32,0.0,0.0,0.37
warehouse_nominal,nominal,nominal,0,0.0,ppo2_s1,mcl,120,23,0.1917,0.1313,0.2712,2,13,29,16,37,26.03,0.116,0.126,0.37
warehouse_nominal,nominal,nominal,0,0.0,ppo2_s2,gt,120,31,0.2583,0.1884,0.3433,0,13,33,2,41,24.99,0.0,0.0,0.37
warehouse_nominal,nominal,nominal,0,0.0,ppo2_s2,mcl,120,26,0.2167,0.1524,0.2985,2,13,36,5,38,22.88,0.104,0.141,0.37
warehouse_nominal,nominal,nominal,0,0.0,ppo2nv,gt,120,40,0.3333,0.2553,0.4217,0,27,34,1,18,22.88,0.0,0.0,0.23
warehouse_nominal,nominal,nominal,0,0.0,ppo2nv,mcl,120,41,0.3417,0.2629,0.4303,4,27,36,2,10,22.44,0.129,0.152,0.22
warehouse_nominal,nominal,nominal,0,0.0,ppo2nv_s0,gt,120,35,0.2917,0.2178,0.3784,0,25,34,3,23,18.83,0.0,0.0,0.22
warehouse_nominal,nominal,nominal,0,0.0,ppo2nv_s0,mcl,120,37,0.3083,0.2327,0.3958,2,26,36,3,16,17.04,0.118,0.162,0.22
warehouse_nominal,nominal,nominal,0,0.0,ppo2nv_s1,gt,120,0,0.0,0.0,0.031,0,3,3,0,114,,0.0,0.0,0.22
warehouse_nominal,nominal,nominal,0,0.0,ppo2nv_s1,mcl,120,0,0.0,0.0,0.031,2,2,3,0,113,,0.081,0.057,0.22
warehouse_nominal,nominal,nominal,0,0.0,ppo2nv_s2,gt,120,40,0.3333,0.2553,0.4217,0,27,34,1,18,22.88,0.0,0.0,0.23
warehouse_nominal,nominal,nominal,0,0.0,ppo2nv_s2,mcl,120,41,0.3417,0.2629,0.4303,4,27,36,2,10,22.44,0.129,0.152,0.22
warehouse_nominal,nominal,nominal,0,0.0,ppo_s0,gt,120,39,0.325,0.2478,0.4131,0,39,30,1,11,14.46,0.0,0.0,0.22
warehouse_nominal,nominal,nominal,0,0.0,ppo_s0,mcl,120,43,0.3583,0.2782,0.4473,3,39,28,0,7,14.87,0.121,0.175,0.22
warehouse_nominal,nominal,nominal,0,0.0,ppo_s1,gt,120,44,0.3667,0.2858,0.4558,0,36,31,1,8,13.77,0.0,0.0,0.22
warehouse_nominal,nominal,nominal,0,0.0,ppo_s1,mcl,120,39,0.325,0.2478,0.4131,2,38,33,1,7,13.3,0.12,0.163,0.22
warehouse_nominal,nominal,nominal,0,0.0,ppo_s2,gt,120,36,0.3,0.2253,0.3872,0,34,35,1,14,14.81,0.0,0.0,0.22
warehouse_nominal,nominal,nominal,0,0.0,ppo_s2,mcl,120,37,0.3083,0.2327,0.3958,4,31,31,5,12,15.78,0.126,0.16,0.22
